action,user_id,point_name,item_type,time,note
DROP_REQUEST,ROBOT_03,P-04,pallet,15/07/26 03:03:57,Slow Chaos
DROP_REQUEST,operator,P-05,box,15/07/26 03:03:59,Slow Chaos
DROP_COMPLETE,ROBOT_03,P-04,pallet,15/07/26 03:04:01,
PICKUP_REQUEST,operator,P-04,pallet,15/07/26 03:04:04,
DROP_REQUEST,ROBOT_03,P-01,pallet,15/07/26 03:04:06,Slow Chaos
PICKUP_COMPLETE,operator,P-04,,15/07/26 03:04:08,
DROP_REQUEST,ROBOT_01,P-04,pallet,15/07/26 03:04:11,Slow Chaos
DROP_COMPLETE,ROBOT_03,P-01,pallet,15/07/26 03:04:14,
PICKUP_REQUEST,operator,P-01,pallet,15/07/26 03:04:16,
DROP_REQUEST,ROBOT_01,P-02,cookie,15/07/26 03:04:18,Slow Chaos
DROP_COMPLETE,operator,P-05,box,15/07/26 03:04:20,
PICKUP_REQUEST,ROBOT_01,P-05,box,15/07/26 03:04:22,
DROP_COMPLETE,ROBOT_01,P-02,cookie,15/07/26 03:04:26,
DROP_REQUEST,ROBOT_03,P-06,cookie,15/07/26 03:04:31,Slow Chaos
PICKUP_COMPLETE,ROBOT_01,P-05,,15/07/26 03:04:32,
DROP_COMPLETE,ROBOT_03,P-06,cookie,15/07/26 03:04:35,
PICKUP_COMPLETE,operator,P-01,,15/07/26 03:04:38,
DROP_REQUEST,ROBOT_03,P-05,box,15/07/26 03:04:39,Slow Chaos
DROP_COMPLETE,ROBOT_03,P-05,box,15/07/26 03:04:41,
PICKUP_REQUEST,ROBOT_03,P-05,box,15/07/26 03:04:43,
DROP_REQUEST,ROBOT_03,P-01,pallet,15/07/26 03:04:46,Slow Chaos
PICKUP_REQUEST,ROBOT_03,P-02,cookie,15/07/26 03:04:49,
PICKUP_REQUEST,ROBOT_03,P-06,cookie,15/07/26 03:04:51,
DROP_REQUEST,ROBOT_03,P-03,pallet,15/07/26 03:04:53,Slow Chaos
PICKUP_COMPLETE,ROBOT_03,P-02,,15/07/26 03:04:55,
PICKUP_COMPLETE,ROBOT_03,P-05,,15/07/26 03:05:03,
DROP_COMPLETE,ROBOT_03,P-01,pallet,15/07/26 03:05:05,
DROP_REQUEST,ROBOT_03,P-05,box,15/07/26 03:05:08,Slow Chaos
DROP_COMPLETE,ROBOT_03,P-05,box,15/07/26 03:05:10,
PICKUP_COMPLETE,ROBOT_03,P-06,,15/07/26 03:05:12,
PICKUP_REQUEST,operator,P-01,pallet,15/07/26 03:05:14,
DROP_REQUEST,operator,P-06,cookie,15/07/26 03:05:17,Slow Chaos
DROP_COMPLETE,operator,P-06,cookie,15/07/26 03:05:19,
DROP_COMPLETE,ROBOT_03,P-03,pallet,15/07/26 03:05:21,
PICKUP_REQUEST,ROBOT_03,P-06,cookie,15/07/26 03:05:24,
PICKUP_COMPLETE,ROBOT_03,P-06,,15/07/26 03:05:26,
PICKUP_REQUEST,ROBOT_03,P-05,box,15/07/26 03:05:29,
DROP_COMPLETE,ROBOT_01,P-04,pallet,15/07/26 03:05:33,
DROP_REQUEST,operator,P-06,cookie,15/07/26 03:05:38,Slow Chaos
PICKUP_COMPLETE,operator,P-01,,15/07/26 03:05:40,
DROP_REQUEST,ROBOT_01,P-02,cookie,15/07/26 03:05:42,Slow Chaos
DROP_REQUEST,operator,P-01,pallet,15/07/26 03:05:44,Slow Chaos
PICKUP_COMPLETE,ROBOT_03,P-05,,15/07/26 03:05:46,
DROP_COMPLETE,operator,P-01,pallet,15/07/26 03:05:47,
DROP_COMPLETE,operator,P-06,cookie,15/07/26 03:05:49,
PICKUP_REQUEST,ROBOT_01,P-03,pallet,15/07/26 03:05:52,
PICKUP_COMPLETE,ROBOT_01,P-03,,15/07/26 03:05:52,
DROP_REQUEST,ROBOT_01,P-05,box,15/07/26 03:05:54,Slow Chaos
PICKUP_REQUEST,operator,P-04,pallet,15/07/26 03:05:56,
PICKUP_COMPLETE,operator,P-04,,15/07/26 03:05:56,
DROP_REQUEST,ROBOT_03,P-04,pallet,15/07/26 03:05:56,Slow Queue
DROP_COMPLETE,ROBOT_01,P-05,box,15/07/26 03:05:58,
PICKUP_REQUEST,ROBOT_01,P-01,pallet,15/07/26 03:05:59,
DROP_COMPLETE,ROBOT_03,P-04,pallet,15/07/26 03:06:02,
PICKUP_COMPLETE,ROBOT_01,P-01,,15/07/26 03:06:03,
PICKUP_REQUEST,ROBOT_03,P-06,cookie,15/07/26 03:06:05,
PICKUP_REQUEST,ROBOT_01,P-05,box,15/07/26 03:06:09,
DROP_COMPLETE,ROBOT_01,P-02,cookie,15/07/26 03:06:11,
DROP_REQUEST,ROBOT_03,P-01,pallet,15/07/26 03:06:13,Slow Chaos
PICKUP_REQUEST,ROBOT_01,P-04,pallet,15/07/26 03:06:14,
PICKUP_COMPLETE,ROBOT_01,P-04,,15/07/26 03:06:17,
PICKUP_COMPLETE,ROBOT_01,P-05,,15/07/26 03:06:19,
DROP_REQUEST,ROBOT_03,P-05,box,15/07/26 03:06:19,Slow Queue
DROP_REQUEST,operator,P-01,pallet,15/07/26 03:06:29,Slow Chaos
DROP_REQUEST,operator,P-05,box,15/07/26 03:06:31,Slow Chaos
DROP_REQUEST,ROBOT_01,P-04,pallet,15/07/26 03:06:33,Slow Chaos
DROP_COMPLETE,operator,P-01,pallet,15/07/26 03:06:38,
DROP_COMPLETE,operator,P-05,box,15/07/26 03:06:41,
PICKUP_REQUEST,ROBOT_03,P-05,box,15/07/26 03:06:43,
DROP_COMPLETE,ROBOT_01,P-04,pallet,15/07/26 03:06:45,
PICKUP_COMPLETE,ROBOT_03,P-05,,15/07/26 03:06:48,
DROP_REQUEST,ROBOT_03,P-03,pallet,15/07/26 03:06:51,Slow Chaos
PICKUP_REQUEST,ROBOT_03,P-01,pallet,15/07/26 03:06:56,
PICKUP_REQUEST,operator,P-04,pallet,15/07/26 03:06:58,
DROP_COMPLETE,ROBOT_03,P-03,pallet,15/07/26 03:07:00,
PICKUP_REQUEST,ROBOT_01,P-03,pallet,15/07/26 03:07:03,
PICKUP_COMPLETE,ROBOT_03,P-01,,15/07/26 03:07:08,
DROP_REQUEST,ROBOT_03,P-01,pallet,15/07/26 03:07:08,Slow Queue
DROP_REQUEST,ROBOT_01,P-06,cookie,15/07/26 03:07:11,Slow Chaos
DROP_COMPLETE,ROBOT_01,P-06,cookie,15/07/26 03:07:13,
PICKUP_REQUEST,ROBOT_01,P-06,cookie,15/07/26 03:07:15,
PICKUP_COMPLETE,ROBOT_01,P-03,,15/07/26 03:07:18,
DROP_REQUEST,ROBOT_01,P-03,pallet,15/07/26 03:07:21,Slow Chaos
DROP_REQUEST,operator,P-02,cookie,15/07/26 03:07:24,Slow Chaos
PICKUP_COMPLETE,operator,P-04,,15/07/26 03:07:26,
DROP_COMPLETE,ROBOT_03,P-01,pallet,15/07/26 03:07:28,
PICKUP_COMPLETE,ROBOT_01,P-06,,15/07/26 03:07:30,
PICKUP_REQUEST,ROBOT_01,P-01,pallet,15/07/26 03:07:33,
DROP_REQUEST,ROBOT_03,P-04,pallet,15/07/26 03:07:35,Slow Chaos
DROP_REQUEST,ROBOT_01,P-05,box,15/07/26 03:07:38,Loop 1 - Owner
DROP_COMPLETE,ROBOT_01,P-05,box,15/07/26 03:07:38,Loop 1 - Owner
PICKUP_REQUEST,ROBOT_01,P-05,box,15/07/26 03:07:44,
PICKUP_COMPLETE,ROBOT_01,P-05,box,15/07/26 03:07:44,
DROP_REQUEST,operator,P-05,box,15/07/26 03:07:44,Queue 1
DROP_REQUEST,ROBOT_03,P-06,cookie,15/07/26 03:07:45,Slow Chaos
DROP_COMPLETE,operator,P-05,box,15/07/26 03:07:46,Queue 1
DROP_REQUEST,ROBOT_01,P-06,cookie,15/07/26 03:07:50,Loop 2 - Owner
DROP_COMPLETE,ROBOT_01,P-06,cookie,15/07/26 03:07:50,Loop 2 - Owner
PICKUP_REQUEST,ROBOT_01,P-06,cookie,15/07/26 03:07:55,
PICKUP_COMPLETE,ROBOT_01,P-06,cookie,15/07/26 03:07:56,
DROP_REQUEST,ROBOT_03,P-06,cookie,15/07/26 03:07:56,Queue 1
DROP_COMPLETE,ROBOT_03,P-06,cookie,15/07/26 03:07:58,Queue 1
PICKUP_REQUEST,operator,P-06,cookie,15/07/26 03:08:25,
PICKUP_REQUEST,operator,P-05,box,15/07/26 03:08:27,
DROP_REQUEST,ROBOT_03,P-04,pallet,15/07/26 03:10:30,Loop 1 - Owner
DROP_COMPLETE,ROBOT_03,P-04,pallet,15/07/26 03:10:30,Loop 1 - Owner
PICKUP_REQUEST,ROBOT_03,P-04,pallet,15/07/26 03:10:35,
PICKUP_COMPLETE,ROBOT_03,P-04,pallet,15/07/26 03:10:35,
DROP_REQUEST,operator,P-04,pallet,15/07/26 03:10:35,Queue 1
DROP_COMPLETE,operator,P-04,pallet,15/07/26 03:10:37,Queue 1
DROP_REQUEST,ROBOT_01,P-04,pallet,15/07/26 03:10:42,Loop 2 - Owner
DROP_COMPLETE,ROBOT_01,P-04,pallet,15/07/26 03:10:42,Loop 2 - Owner
PICKUP_REQUEST,ROBOT_01,P-04,pallet,15/07/26 03:10:47,
PICKUP_COMPLETE,ROBOT_01,P-04,pallet,15/07/26 03:10:47,
DROP_REQUEST,ROBOT_03,P-04,pallet,15/07/26 03:10:47,Queue 1
DROP_COMPLETE,ROBOT_03,P-04,pallet,15/07/26 03:10:49,Queue 1
DROP_REQUEST,ROBOT_01,P-04,pallet,15/07/26 03:10:54,Loop 3 - Owner
DROP_COMPLETE,ROBOT_01,P-04,pallet,15/07/26 03:10:54,Loop 3 - Owner
PICKUP_REQUEST,ROBOT_01,P-04,pallet,15/07/26 03:11:00,
PICKUP_COMPLETE,ROBOT_01,P-04,pallet,15/07/26 03:11:00,
DROP_REQUEST,ROBOT_03,P-04,pallet,15/07/26 03:11:00,Queue 1
DROP_COMPLETE,ROBOT_03,P-04,pallet,15/07/26 03:11:02,Queue 1
DROP_REQUEST,ROBOT_03,P-04,pallet,15/07/26 03:11:06,Loop 4 - Owner
DROP_COMPLETE,ROBOT_03,P-04,pallet,15/07/26 03:11:06,Loop 4 - Owner
PICKUP_REQUEST,ROBOT_03,P-04,pallet,15/07/26 03:11:12,
PICKUP_COMPLETE,ROBOT_03,P-04,pallet,15/07/26 03:11:12,
DROP_REQUEST,operator,P-04,pallet,15/07/26 03:11:12,Queue 1
DROP_COMPLETE,operator,P-04,pallet,15/07/26 03:11:14,Queue 1
DROP_REQUEST,ROBOT_01,P-05,box,15/07/26 03:11:18,Loop 5 - Owner
DROP_COMPLETE,ROBOT_01,P-05,box,15/07/26 03:11:18,Loop 5 - Owner
PICKUP_REQUEST,ROBOT_01,P-05,box,15/07/26 03:11:24,
PICKUP_COMPLETE,ROBOT_01,P-05,box,15/07/26 03:11:24,
DROP_REQUEST,ROBOT_03,P-05,box,15/07/26 03:11:24,Queue 1
DROP_COMPLETE,ROBOT_03,P-05,box,15/07/26 03:11:26,Queue 1
DROP_REQUEST,ROBOT_01,P-03,pallet,15/07/26 03:11:30,Loop 6 - Owner
DROP_COMPLETE,ROBOT_01,P-03,pallet,15/07/26 03:11:30,Loop 6 - Owner
PICKUP_REQUEST,ROBOT_01,P-04,pallet,15/07/26 03:11:36,
DROP_REQUEST,operator,P-01,pallet,15/07/26 03:11:41,Loop 7 - Owner
DROP_COMPLETE,operator,P-01,pallet,15/07/26 03:11:41,Loop 7 - Owner
PICKUP_REQUEST,operator,P-03,pallet,15/07/26 03:11:46,
DROP_REQUEST,operator,P-03,pallet,15/07/26 03:11:51,Loop 8 - Owner
DROP_COMPLETE,operator,P-03,pallet,15/07/26 03:11:51,Loop 8 - Owner
PICKUP_REQUEST,operator,P-01,pallet,15/07/26 03:11:57,
DROP_REQUEST,ROBOT_01,P-06,cookie,15/07/26 03:12:02,Loop 9 - Owner
DROP_COMPLETE,ROBOT_01,P-06,cookie,15/07/26 03:12:02,Loop 9 - Owner
PICKUP_REQUEST,ROBOT_01,P-06,cookie,15/07/26 03:12:07,
PICKUP_COMPLETE,ROBOT_01,P-06,cookie,15/07/26 03:12:07,
DROP_REQUEST,operator,P-06,cookie,15/07/26 03:12:07,Queue 1
DROP_COMPLETE,operator,P-06,cookie,15/07/26 03:12:09,Queue 1
DROP_REQUEST,ROBOT_03,P-02,box,15/07/26 03:12:14,Loop 10 - Owner
DROP_COMPLETE,ROBOT_03,P-02,box,15/07/26 03:12:14,Loop 10 - Owner
PICKUP_REQUEST,ROBOT_03,P-05,box,15/07/26 03:12:19,
DROP_REQUEST,ROBOT_01,P-03,pallet,15/07/26 03:12:25,Loop 11 - Owner
DROP_COMPLETE,ROBOT_01,P-03,pallet,15/07/26 03:12:25,Loop 11 - Owner
PICKUP_REQUEST,ROBOT_01,P-03,pallet,15/07/26 03:12:30,
PICKUP_COMPLETE,ROBOT_01,P-03,pallet,15/07/26 03:12:30,
DROP_REQUEST,ROBOT_03,P-03,pallet,15/07/26 03:12:30,Queue 1
DROP_COMPLETE,ROBOT_03,P-03,pallet,15/07/26 03:12:32,Queue 1
DROP_REQUEST,operator,P-04,pallet,15/07/26 03:12:37,Loop 12 - Owner
DROP_COMPLETE,operator,P-04,pallet,15/07/26 03:12:37,Loop 12 - Owner
PICKUP_REQUEST,operator,P-03,pallet,15/07/26 03:12:42,
DROP_REQUEST,operator,P-06,cookie,15/07/26 03:12:47,Loop 13 - Owner
DROP_COMPLETE,operator,P-06,cookie,15/07/26 03:12:47,Loop 13 - Owner
PICKUP_REQUEST,operator,P-06,cookie,15/07/26 03:12:53,
PICKUP_COMPLETE,operator,P-06,cookie,15/07/26 03:12:53,
DROP_REQUEST,ROBOT_03,P-06,cookie,15/07/26 03:12:53,Queue 1
DROP_COMPLETE,ROBOT_03,P-06,cookie,15/07/26 03:12:55,Queue 1
DROP_REQUEST,operator,P-03,pallet,15/07/26 03:12:59,Loop 14 - Owner
DROP_COMPLETE,operator,P-03,pallet,15/07/26 03:12:59,Loop 14 - Owner
PICKUP_REQUEST,operator,P-04,pallet,15/07/26 03:13:05,
DROP_REQUEST,ROBOT_03,P-04,pallet,15/07/26 03:13:10,Loop 15 - Owner
DROP_COMPLETE,ROBOT_03,P-04,pallet,15/07/26 03:13:10,Loop 15 - Owner
PICKUP_REQUEST,ROBOT_03,P-03,pallet,15/07/26 03:13:15,
DROP_REQUEST,operator,P-02,box,15/07/26 03:13:20,Loop 16 - Owner
DROP_COMPLETE,operator,P-02,box,15/07/26 03:13:20,Loop 16 - Owner
PICKUP_REQUEST,operator,P-02,box,15/07/26 03:13:26,
PICKUP_COMPLETE,operator,P-02,box,15/07/26 03:13:26,
DROP_REQUEST,ROBOT_01,P-02,box,15/07/26 03:13:26,Queue 1
DROP_COMPLETE,ROBOT_01,P-02,box,15/07/26 03:13:28,Queue 1
DROP_REQUEST,ROBOT_03,P-06,cookie,15/07/26 03:13:32,Loop 17 - Owner
DROP_COMPLETE,ROBOT_03,P-06,cookie,15/07/26 03:13:32,Loop 17 - Owner
PICKUP_REQUEST,ROBOT_03,P-06,cookie,15/07/26 03:13:38,
PICKUP_COMPLETE,ROBOT_03,P-06,cookie,15/07/26 03:13:38,
DROP_REQUEST,operator,P-06,cookie,15/07/26 03:13:38,Queue 1
DROP_COMPLETE,operator,P-06,cookie,15/07/26 03:13:40,Queue 1
DROP_REQUEST,operator,P-04,pallet,15/07/26 03:13:44,Loop 18 - Owner
DROP_COMPLETE,operator,P-04,pallet,15/07/26 03:13:44,Loop 18 - Owner
PICKUP_REQUEST,operator,P-04,pallet,15/07/26 03:13:50,
PICKUP_COMPLETE,operator,P-04,pallet,15/07/26 03:13:50,
DROP_REQUEST,ROBOT_01,P-04,pallet,15/07/26 03:13:50,Queue 1
DROP_COMPLETE,ROBOT_01,P-04,pallet,15/07/26 03:13:52,Queue 1
DROP_REQUEST,ROBOT_01,P-03,pallet,15/07/26 03:13:57,Loop 19 - Owner
DROP_COMPLETE,ROBOT_01,P-03,pallet,15/07/26 03:13:57,Loop 19 - Owner
PICKUP_REQUEST,ROBOT_01,P-04,pallet,15/07/26 03:14:02,
DROP_REQUEST,operator,P-02,box,15/07/26 03:14:07,Loop 20 - Owner
DROP_COMPLETE,operator,P-02,box,15/07/26 03:14:07,Loop 20 - Owner
PICKUP_REQUEST,operator,P-02,box,15/07/26 03:14:13,
PICKUP_COMPLETE,operator,P-02,box,15/07/26 03:14:13,
DROP_REQUEST,ROBOT_01,P-02,box,15/07/26 03:14:13,Queue 1
DROP_COMPLETE,ROBOT_01,P-02,box,15/07/26 03:14:15,Queue 1
DROP_REQUEST,ROBOT_01,P-03,pallet,15/07/26 03:14:19,Loop 21 - Owner
DROP_COMPLETE,ROBOT_01,P-03,pallet,15/07/26 03:14:19,Loop 21 - Owner
PICKUP_REQUEST,ROBOT_01,P-03,pallet,15/07/26 03:14:25,
PICKUP_COMPLETE,ROBOT_01,P-03,pallet,15/07/26 03:14:25,
DROP_REQUEST,ROBOT_03,P-03,pallet,15/07/26 03:14:25,Queue 1
DROP_COMPLETE,ROBOT_03,P-03,pallet,15/07/26 03:14:27,Queue 1
DROP_REQUEST,ROBOT_01,P-06,cookie,15/07/26 03:14:31,Loop 22 - Owner
DROP_COMPLETE,ROBOT_01,P-06,cookie,15/07/26 03:14:31,Loop 22 - Owner
PICKUP_REQUEST,ROBOT_01,P-06,cookie,15/07/26 03:14:37,
PICKUP_COMPLETE,ROBOT_01,P-06,cookie,15/07/26 03:14:37,
DROP_REQUEST,ROBOT_03,P-06,cookie,15/07/26 03:14:37,Queue 1
DROP_COMPLETE,ROBOT_03,P-06,cookie,15/07/26 03:14:39,Queue 1
DROP_REQUEST,ROBOT_03,P-02,box,15/07/26 03:14:43,Loop 23 - Owner
DROP_COMPLETE,ROBOT_03,P-02,box,15/07/26 03:14:43,Loop 23 - Owner
PICKUP_REQUEST,ROBOT_03,P-02,box,15/07/26 03:14:49,
PICKUP_COMPLETE,ROBOT_03,P-02,box,15/07/26 03:14:49,
DROP_REQUEST,operator,P-02,box,15/07/26 03:14:49,Queue 1
DROP_COMPLETE,operator,P-02,box,15/07/26 03:14:51,Queue 1
DROP_REQUEST,ROBOT_03,P-02,box,15/07/26 03:14:55,Loop 24 - Owner
DROP_COMPLETE,ROBOT_03,P-02,box,15/07/26 03:14:55,Loop 24 - Owner
PICKUP_REQUEST,ROBOT_03,P-02,box,15/07/26 03:15:01,
PICKUP_COMPLETE,ROBOT_03,P-02,box,15/07/26 03:15:01,
DROP_REQUEST,ROBOT_01,P-02,box,15/07/26 03:15:01,Queue 1
DROP_COMPLETE,ROBOT_01,P-02,box,15/07/26 03:15:03,Queue 1
DROP_REQUEST,operator,P-03,pallet,15/07/26 03:15:07,Loop 25 - Owner
DROP_COMPLETE,operator,P-03,pallet,15/07/26 03:15:07,Loop 25 - Owner
PICKUP_REQUEST,operator,P-03,pallet,15/07/26 03:15:13,
PICKUP_COMPLETE,operator,P-03,pallet,15/07/26 03:15:13,
DROP_REQUEST,ROBOT_01,P-03,pallet,15/07/26 03:15:13,Queue 1
DROP_COMPLETE,ROBOT_01,P-03,pallet,15/07/26 03:15:15,Queue 1
DROP_REQUEST,operator,P-05,box,15/07/26 03:15:20,Loop 26 - Owner
DROP_COMPLETE,operator,P-05,box,15/07/26 03:15:20,Loop 26 - Owner
PICKUP_REQUEST,operator,P-02,box,15/07/26 03:15:25,
DROP_REQUEST,ROBOT_01,P-02,box,15/07/26 03:15:30,Loop 27 - Owner
DROP_COMPLETE,ROBOT_01,P-02,box,15/07/26 03:15:30,Loop 27 - Owner
PICKUP_REQUEST,ROBOT_01,P-05,box,15/07/26 03:15:36,
DROP_REQUEST,ROBOT_03,P-06,cookie,15/07/26 03:15:41,Loop 28 - Owner
DROP_COMPLETE,ROBOT_03,P-06,cookie,15/07/26 03:15:41,Loop 28 - Owner
PICKUP_REQUEST,ROBOT_03,P-06,cookie,15/07/26 03:15:46,
PICKUP_COMPLETE,ROBOT_03,P-06,cookie,15/07/26 03:15:46,
DROP_REQUEST,operator,P-06,cookie,15/07/26 03:15:46,Queue 1
DROP_COMPLETE,operator,P-06,cookie,15/07/26 03:15:48,Queue 1
DROP_REQUEST,ROBOT_03,P-04,pallet,15/07/26 03:15:53,Loop 29 - Owner
DROP_COMPLETE,ROBOT_03,P-04,pallet,15/07/26 03:15:53,Loop 29 - Owner
PICKUP_REQUEST,ROBOT_03,P-03,pallet,15/07/26 03:15:58,
DROP_REQUEST,ROBOT_03,P-05,box,15/07/26 03:16:03,Loop 30 - Owner
DROP_COMPLETE,ROBOT_03,P-05,box,15/07/26 03:16:03,Loop 30 - Owner
PICKUP_REQUEST,ROBOT_03,P-02,box,15/07/26 03:16:09,
DROP_REQUEST,ROBOT_03,P-01,pallet,15/07/26 03:16:14,Loop 31 - Owner
DROP_COMPLETE,ROBOT_03,P-01,pallet,15/07/26 03:16:14,Loop 31 - Owner
PICKUP_REQUEST,ROBOT_03,P-04,pallet,15/07/26 03:16:19,
DROP_REQUEST,ROBOT_01,P-03,pallet,15/07/26 03:16:24,Loop 32 - Owner
DROP_COMPLETE,ROBOT_01,P-03,pallet,15/07/26 03:16:24,Loop 32 - Owner
PICKUP_REQUEST,ROBOT_01,P-01,pallet,15/07/26 03:16:30,
DROP_REQUEST,ROBOT_03,P-05,box,15/07/26 03:16:35,Loop 33 - Owner
DROP_COMPLETE,ROBOT_03,P-05,box,15/07/26 03:16:35,Loop 33 - Owner
PICKUP_REQUEST,ROBOT_03,P-05,box,15/07/26 03:16:40,
PICKUP_COMPLETE,ROBOT_03,P-05,box,15/07/26 03:16:41,
DROP_REQUEST,operator,P-05,box,15/07/26 03:16:41,Queue 1
DROP_COMPLETE,operator,P-05,box,15/07/26 03:16:43,Queue 1
DROP_REQUEST,ROBOT_03,P-02,box,15/07/26 03:16:47,Loop 34 - Owner
DROP_COMPLETE,ROBOT_03,P-02,box,15/07/26 03:16:47,Loop 34 - Owner
PICKUP_REQUEST,ROBOT_03,P-05,box,15/07/26 03:16:53,
DROP_REQUEST,operator,P-04,pallet,15/07/26 03:16:58,Loop 35 - Owner
DROP_COMPLETE,operator,P-04,pallet,15/07/26 03:16:58,Loop 35 - Owner
PICKUP_REQUEST,operator,P-03,pallet,15/07/26 03:17:03,
DROP_REQUEST,operator,P-05,box,15/07/26 03:17:08,Loop 36 - Owner
DROP_COMPLETE,operator,P-05,box,15/07/26 03:17:08,Loop 36 - Owner
PICKUP_REQUEST,operator,P-02,box,15/07/26 03:17:14,
DROP_REQUEST,operator,P-05,box,15/07/26 03:17:19,Loop 37 - Owner
DROP_COMPLETE,operator,P-05,box,15/07/26 03:17:19,Loop 37 - Owner
PICKUP_REQUEST,operator,P-05,box,15/07/26 03:17:24,
PICKUP_COMPLETE,operator,P-05,box,15/07/26 03:17:24,
DROP_REQUEST,ROBOT_01,P-05,box,15/07/26 03:17:24,Queue 1
DROP_COMPLETE,ROBOT_01,P-05,box,15/07/26 03:17:26,Queue 1
DROP_REQUEST,ROBOT_01,P-05,box,15/07/26 03:17:31,Loop 38 - Owner
DROP_COMPLETE,ROBOT_01,P-05,box,15/07/26 03:17:31,Loop 38 - Owner
PICKUP_REQUEST,ROBOT_01,P-05,box,15/07/26 03:17:36,
PICKUP_COMPLETE,ROBOT_01,P-05,box,15/07/26 03:17:36,
DROP_REQUEST,operator,P-05,box,15/07/26 03:17:36,Queue 1
DROP_COMPLETE,operator,P-05,box,15/07/26 03:17:38,Queue 1
DROP_REQUEST,ROBOT_03,P-06,cookie,15/07/26 03:17:43,Loop 39 - Owner
DROP_COMPLETE,ROBOT_03,P-06,cookie,15/07/26 03:17:43,Loop 39 - Owner
PICKUP_REQUEST,ROBOT_03,P-06,cookie,15/07/26 03:17:48,
PICKUP_COMPLETE,ROBOT_03,P-06,cookie,15/07/26 03:17:48,
DROP_REQUEST,ROBOT_01,P-06,cookie,15/07/26 03:17:48,Queue 1
DROP_COMPLETE,ROBOT_01,P-06,cookie,15/07/26 03:17:50,Queue 1
DROP_REQUEST,ROBOT_03,P-05,box,15/07/26 03:17:55,Loop 40 - Owner
DROP_COMPLETE,ROBOT_03,P-05,box,15/07/26 03:17:55,Loop 40 - Owner
PICKUP_REQUEST,ROBOT_03,P-05,box,15/07/26 03:18:00,
PICKUP_COMPLETE,ROBOT_03,P-05,box,15/07/26 03:18:00,
DROP_REQUEST,ROBOT_01,P-05,box,15/07/26 03:18:00,Queue 1
DROP_COMPLETE,ROBOT_01,P-05,box,15/07/26 03:18:03,Queue 1
DROP_REQUEST,ROBOT_01,P-01,pallet,15/07/26 03:18:07,Loop 41 - Owner
DROP_COMPLETE,ROBOT_01,P-01,pallet,15/07/26 03:18:07,Loop 41 - Owner
PICKUP_REQUEST,ROBOT_01,P-04,pallet,15/07/26 03:18:13,
DROP_REQUEST,operator,P-05,box,15/07/26 03:18:18,Loop 42 - Owner
DROP_COMPLETE,operator,P-05,box,15/07/26 03:18:18,Loop 42 - Owner
PICKUP_REQUEST,operator,P-05,box,15/07/26 03:18:23,
PICKUP_COMPLETE,operator,P-05,box,15/07/26 03:18:23,
DROP_REQUEST,ROBOT_01,P-05,box,15/07/26 03:18:23,Queue 1
DROP_COMPLETE,ROBOT_01,P-05,box,15/07/26 03:18:25,Queue 1
DROP_REQUEST,ROBOT_03,P-04,pallet,15/07/26 03:18:30,Loop 43 - Owner
DROP_COMPLETE,ROBOT_03,P-04,pallet,15/07/26 03:18:30,Loop 43 - Owner
PICKUP_REQUEST,ROBOT_03,P-01,pallet,15/07/26 03:18:35,
DROP_REQUEST,ROBOT_03,P-05,box,15/07/26 03:18:40,Loop 44 - Owner
DROP_COMPLETE,ROBOT_03,P-05,box,15/07/26 03:18:40,Loop 44 - Owner
PICKUP_REQUEST,ROBOT_03,P-05,box,15/07/26 03:18:46,
PICKUP_COMPLETE,ROBOT_03,P-05,box,15/07/26 03:18:46,
DROP_REQUEST,operator,P-05,box,15/07/26 03:18:46,Queue 1
DROP_COMPLETE,operator,P-05,box,15/07/26 03:18:48,Queue 1
DROP_REQUEST,operator,P-06,cookie,15/07/26 03:18:52,Loop 45 - Owner
DROP_COMPLETE,operator,P-06,cookie,15/07/26 03:18:52,Loop 45 - Owner
PICKUP_REQUEST,operator,P-06,cookie,15/07/26 03:18:58,
PICKUP_COMPLETE,operator,P-06,cookie,15/07/26 03:18:58,
DROP_REQUEST,ROBOT_03,P-06,cookie,15/07/26 03:18:58,Queue 1
DROP_COMPLETE,ROBOT_03,P-06,cookie,15/07/26 03:19:00,Queue 1
DROP_REQUEST,operator,P-05,box,15/07/26 03:19:04,Loop 46 - Owner
DROP_COMPLETE,operator,P-05,box,15/07/26 03:19:04,Loop 46 - Owner
PICKUP_REQUEST,operator,P-05,box,15/07/26 03:19:10,
PICKUP_COMPLETE,operator,P-05,box,15/07/26 03:19:10,
DROP_REQUEST,ROBOT_03,P-05,box,15/07/26 03:19:10,Queue 1
DROP_COMPLETE,ROBOT_03,P-05,box,15/07/26 03:19:12,Queue 1
DROP_REQUEST,ROBOT_01,P-06,cookie,15/07/26 03:19:15,Slow Chaos
DROP_REQUEST,ROBOT_03,P-03,pallet,15/07/26 03:19:16,Loop 47 - Owner
DROP_COMPLETE,ROBOT_03,P-03,pallet,15/07/26 03:19:16,Loop 47 - Owner
DROP_REQUEST,operator,P-04,pallet,15/07/26 03:19:17,Slow Chaos
DROP_REQUEST,ROBOT_01,P-02,cookie,15/07/26 03:19:19,Slow Chaos
PICKUP_REQUEST,operator,P-03,pallet,15/07/26 03:19:21,
PICKUP_COMPLETE,operator,P-03,pallet,15/07/26 03:19:22,
DROP_REQUEST,operator,P-03,pallet,15/07/26 03:19:22,Queue 1
DROP_COMPLETE,operator,P-03,pallet,15/07/26 03:19:24,Queue 1
DROP_REQUEST,ROBOT_03,P-05,box,15/07/26 03:19:25,Slow Chaos
DROP_REQUEST,operator,P-06,cookie,15/07/26 03:19:29,Loop 48 - Owner
DROP_COMPLETE,operator,P-06,cookie,15/07/26 03:19:29,Loop 48 - Owner
PICKUP_REQUEST,operator,P-06,cookie,15/07/26 03:19:34,
PICKUP_COMPLETE,operator,P-06,cookie,15/07/26 03:19:34,
DROP_REQUEST,ROBOT_01,P-06,cookie,15/07/26 03:19:34,Queue 1
DROP_COMPLETE,ROBOT_01,P-06,cookie,15/07/26 03:19:36,Queue 1
DROP_REQUEST,ROBOT_03,P-03,pallet,15/07/26 03:19:41,Loop 49 - Owner
DROP_COMPLETE,ROBOT_03,P-03,pallet,15/07/26 03:19:41,Loop 49 - Owner
DROP_REQUEST,operator,P-03,pallet,15/07/26 03:19:48,Slow Chaos
DROP_REQUEST,ROBOT_03,P-02,cookie,15/07/26 03:19:50,Slow Chaos
DROP_REQUEST,ROBOT_01,P-05,box,15/07/26 03:19:51,Slow Chaos
DROP_REQUEST,ROBOT_01,P-06,cookie,15/07/26 03:19:54,Slow Chaos
DROP_COMPLETE,ROBOT_01,P-06,cookie,15/07/26 03:19:56,
DROP_COMPLETE,ROBOT_01,P-05,box,15/07/26 03:19:59,
DROP_COMPLETE,ROBOT_03,P-02,cookie,15/07/26 03:20:01,
PICKUP_REQUEST,ROBOT_01,P-06,cookie,15/07/26 03:20:03,
PICKUP_REQUEST,ROBOT_03,P-02,cookie,15/07/26 03:20:05,
PICKUP_COMPLETE,ROBOT_03,P-02,,15/07/26 03:20:08,
DROP_COMPLETE,operator,P-03,pallet,15/07/26 03:20:15,
PICKUP_COMPLETE,ROBOT_01,P-06,,15/07/26 03:20:17,
DROP_REQUEST,ROBOT_03,P-06,cookie,15/07/26 03:20:20,Slow Chaos
DROP_REQUEST,ROBOT_03,P-02,cookie,15/07/26 03:20:22,Slow Chaos
DROP_COMPLETE,ROBOT_03,P-06,cookie,15/07/26 03:20:25,
PICKUP_REQUEST,operator,P-05,box,15/07/26 03:20:27,
PICKUP_REQUEST,ROBOT_03,P-03,pallet,15/07/26 03:20:29,
PICKUP_COMPLETE,ROBOT_03,P-03,,15/07/26 03:20:31,
PICKUP_REQUEST,operator,P-06,cookie,15/07/26 03:20:36,
DROP_REQUEST,operator,P-04,pallet,15/07/26 03:20:39,Slow Chaos
PICKUP_COMPLETE,operator,P-06,,15/07/26 03:20:41,
DROP_COMPLETE,ROBOT_03,P-02,cookie,15/07/26 03:20:43,
DROP_REQUEST,ROBOT_03,P-03,pallet,15/07/26 03:20:48,Slow Chaos
PICKUP_COMPLETE,operator,P-05,,15/07/26 03:20:52,
DROP_COMPLETE,ROBOT_03,P-03,pallet,15/07/26 03:20:55,
DROP_COMPLETE,operator,P-04,pallet,15/07/26 03:20:57,
PICKUP_REQUEST,ROBOT_03,P-03,pallet,15/07/26 03:20:59,
PICKUP_REQUEST,ROBOT_03,P-04,pallet,15/07/26 03:21:01,
DROP_REQUEST,operator,P-01,pallet,15/07/26 03:21:03,Slow Chaos
PICKUP_COMPLETE,ROBOT_03,P-04,,15/07/26 03:21:06,
DROP_COMPLETE,operator,P-01,pallet,15/07/26 03:21:10,
PICKUP_REQUEST,ROBOT_03,P-01,pallet,15/07/26 03:21:12,
DROP_REQUEST,ROBOT_01,P-05,box,15/07/26 03:21:15,Slow Chaos
DROP_REQUEST,ROBOT_01,P-04,pallet,15/07/26 03:21:18,Slow Chaos
DROP_COMPLETE,ROBOT_01,P-05,box,15/07/26 03:21:20,
DROP_COMPLETE,ROBOT_01,P-04,pallet,15/07/26 03:21:22,
PICKUP_COMPLETE,ROBOT_03,P-03,,15/07/26 03:21:25,
DROP_REQUEST,ROBOT_01,P-03,pallet,15/07/26 03:21:27,Slow Chaos
PICKUP_REQUEST,ROBOT_01,P-04,pallet,15/07/26 03:21:29,
PICKUP_COMPLETE,ROBOT_03,P-01,,15/07/26 03:21:32,
DROP_REQUEST,operator,P-06,cookie,15/07/26 03:21:37,Slow Chaos
DROP_COMPLETE,ROBOT_01,P-03,pallet,15/07/26 03:21:39,
PICKUP_REQUEST,ROBOT_01,P-02,cookie,15/07/26 03:21:41,
PICKUP_COMPLETE,ROBOT_01,P-04,,15/07/26 03:21:46,
PICKUP_COMPLETE,ROBOT_01,P-02,,15/07/26 03:21:48,
DROP_REQUEST,ROBOT_01,P-02,cookie,15/07/26 03:21:50,Slow Chaos
DROP_COMPLETE,operator,P-06,cookie,15/07/26 03:21:52,
PICKUP_REQUEST,ROBOT_03,P-05,box,15/07/26 03:21:54,
DROP_REQUEST,ROBOT_01,P-01,pallet,15/07/26 03:21:57,Slow Chaos
DROP_COMPLETE,ROBOT_01,P-01,pallet,15/07/26 03:22:00,
DROP_COMPLETE,ROBOT_01,P-02,cookie,15/07/26 03:22:01,
PICKUP_COMPLETE,ROBOT_03,P-05,,15/07/26 03:22:03,
PICKUP_REQUEST,operator,P-03,pallet,15/07/26 03:22:05,
PICKUP_REQUEST,ROBOT_03,P-06,cookie,15/07/26 03:22:07,
PICKUP_COMPLETE,operator,P-03,,15/07/26 03:22:10,
PICKUP_COMPLETE,ROBOT_03,P-06,,15/07/26 03:22:16,
DROP_REQUEST,ROBOT_01,P-04,pallet,15/07/26 03:22:19,Slow Chaos
DROP_REQUEST,ROBOT_01,P-03,pallet,15/07/26 03:22:21,Slow Chaos
DROP_COMPLETE,ROBOT_01,P-04,pallet,15/07/26 03:22:26,
DROP_REQUEST,ROBOT_01,P-06,cookie,15/07/26 03:22:27,Slow Chaos
PICKUP_REQUEST,ROBOT_01,P-01,pallet,15/07/26 03:22:30,
PICKUP_COMPLETE,ROBOT_01,P-01,,15/07/26 03:22:32,
DROP_REQUEST,ROBOT_01,P-01,pallet,15/07/26 03:22:32,Slow Queue
PICKUP_REQUEST,ROBOT_01,P-04,pallet,15/07/26 03:22:34,
DROP_REQUEST,ROBOT_03,P-05,box,15/07/26 03:22:35,Slow Chaos
DROP_COMPLETE,ROBOT_03,P-05,box,15/07/26 03:22:44,
DROP_COMPLETE,ROBOT_01,P-01,pallet,15/07/26 03:22:47,
PICKUP_COMPLETE,ROBOT_01,P-04,,15/07/26 03:22:49,
DROP_COMPLETE,ROBOT_01,P-03,pallet,15/07/26 03:22:52,
PICKUP_REQUEST,ROBOT_03,P-01,pallet,15/07/26 03:22:55,
DROP_COMPLETE,ROBOT_01,P-06,cookie,15/07/26 03:22:58,
PICKUP_REQUEST,ROBOT_03,P-05,box,15/07/26 03:23:02,
PICKUP_REQUEST,ROBOT_01,P-02,cookie,15/07/26 03:23:05,
PICKUP_COMPLETE,ROBOT_03,P-01,,15/07/26 03:23:07,
PICKUP_COMPLETE,ROBOT_03,P-05,,15/07/26 03:23:09,
PICKUP_REQUEST,operator,P-03,pallet,15/07/26 03:23:12,
DROP_REQUEST,ROBOT_01,P-04,pallet,15/07/26 03:23:14,Slow Chaos
DROP_COMPLETE,ROBOT_01,P-04,pallet,15/07/26 03:23:15,
PICKUP_COMPLETE,ROBOT_01,P-02,,15/07/26 03:23:17,
DROP_REQUEST,ROBOT_03,P-02,cookie,15/07/26 03:23:17,Slow Queue
PICKUP_COMPLETE,operator,P-03,,15/07/26 03:23:19,
DROP_REQUEST,operator,P-05,box,15/07/26 03:23:24,Slow Chaos
DROP_COMPLETE,ROBOT_03,P-02,cookie,15/07/26 03:23:26,
PICKUP_REQUEST,operator,P-04,pallet,15/07/26 03:23:28,
DROP_COMPLETE,operator,P-05,box,15/07/26 03:23:31,
PICKUP_REQUEST,ROBOT_01,P-06,cookie,15/07/26 03:23:36,
PICKUP_COMPLETE,operator,P-04,,15/07/26 03:23:38,
PICKUP_REQUEST,ROBOT_01,P-02,cookie,15/07/26 03:23:40,
PICKUP_COMPLETE,ROBOT_01,P-02,,15/07/26 03:23:43,
DROP_REQUEST,operator,P-02,cookie,15/07/26 03:23:45,Slow Chaos
DROP_REQUEST,ROBOT_01,P-01,pallet,15/07/26 03:23:48,Slow Chaos
DROP_REQUEST,operator,P-04,pallet,15/07/26 03:23:50,Slow Chaos
DROP_COMPLETE,operator,P-04,pallet,15/07/26 03:23:52,
DROP_COMPLETE,ROBOT_01,P-01,pallet,15/07/26 03:23:57,
DROP_REQUEST,ROBOT_03,P-03,pallet,15/07/26 03:24:02,Slow Chaos
PICKUP_REQUEST,ROBOT_01,P-05,box,15/07/26 03:24:04,
DROP_COMPLETE,operator,P-02,cookie,15/07/26 03:24:06,
PICKUP_REQUEST,ROBOT_01,P-02,cookie,15/07/26 03:24:08,
PICKUP_COMPLETE,ROBOT_01,P-02,,15/07/26 03:24:13,
PICKUP_COMPLETE,ROBOT_01,P-05,,15/07/26 03:24:15,
DROP_REQUEST,ROBOT_03,P-02,cookie,15/07/26 03:24:18,Slow Chaos
DROP_REQUEST,ROBOT_01,P-05,box,15/07/26 03:24:19,Slow Chaos
PICKUP_REQUEST,ROBOT_03,P-04,pallet,15/07/26 03:24:22,
PICKUP_COMPLETE,ROBOT_01,P-06,,15/07/26 03:24:25,
DROP_REQUEST,ROBOT_03,P-06,cookie,15/07/26 03:24:25,Slow Queue
DROP_COMPLETE,ROBOT_01,P-05,box,15/07/26 03:24:27,
PICKUP_COMPLETE,ROBOT_03,P-04,,15/07/26 03:24:29,
DROP_COMPLETE,ROBOT_03,P-03,pallet,15/07/26 03:24:31,
DROP_REQUEST,operator,P-04,pallet,15/07/26 03:24:32,Slow Chaos
DROP_COMPLETE,operator,P-04,pallet,15/07/26 03:24:35,
DROP_COMPLETE,ROBOT_03,P-06,cookie,15/07/26 03:24:38,
PICKUP_REQUEST,ROBOT_03,P-01,pallet,15/07/26 03:24:40,
PICKUP_REQUEST,ROBOT_01,P-06,cookie,15/07/26 03:24:42,
PICKUP_COMPLETE,ROBOT_03,P-01,,15/07/26 03:24:44,
PICKUP_REQUEST,ROBOT_01,P-05,box,15/07/26 03:24:45,
DROP_REQUEST,operator,P-01,pallet,15/07/26 03:24:48,Slow Chaos
DROP_COMPLETE,ROBOT_03,P-02,cookie,15/07/26 03:24:50,
PICKUP_REQUEST,ROBOT_03,P-03,pallet,15/07/26 03:24:53,
PICKUP_COMPLETE,ROBOT_03,P-03,,15/07/26 03:24:55,
DROP_COMPLETE,operator,P-01,pallet,15/07/26 03:24:57,
PICKUP_COMPLETE,ROBOT_01,P-06,,15/07/26 03:24:59,
PICKUP_REQUEST,operator,P-04,pallet,15/07/26 03:25:01,
PICKUP_REQUEST,operator,P-01,pallet,15/07/26 03:25:04,
DROP_REQUEST,ROBOT_03,P-06,cookie,15/07/26 03:25:06,Slow Chaos
DROP_COMPLETE,ROBOT_03,P-06,cookie,15/07/26 03:25:08,
PICKUP_COMPLETE,operator,P-04,,15/07/26 03:25:09,
PICKUP_COMPLETE,ROBOT_01,P-05,,15/07/26 03:25:11,
DROP_REQUEST,ROBOT_03,P-03,pallet,15/07/26 03:25:13,Slow Chaos
DROP_REQUEST,ROBOT_01,P-05,box,15/07/26 03:25:16,Slow Chaos
DROP_REQUEST,ROBOT_03,P-04,pallet,15/07/26 03:25:20,Slow Chaos
PICKUP_COMPLETE,operator,P-01,,15/07/26 03:25:23,
DROP_COMPLETE,ROBOT_01,P-05,box,15/07/26 03:25:26,
PICKUP_REQUEST,operator,P-05,box,15/07/26 03:25:27,
DROP_REQUEST,ROBOT_01,P-01,pallet,15/07/26 03:25:30,Slow Chaos
DROP_COMPLETE,ROBOT_01,P-01,pallet,15/07/26 03:25:34,
PICKUP_REQUEST,ROBOT_03,P-02,cookie,15/07/26 03:25:36,
PICKUP_REQUEST,operator,P-01,pallet,15/07/26 03:25:38,
PICKUP_COMPLETE,operator,P-05,,15/07/26 03:25:42,
PICKUP_REQUEST,ROBOT_01,P-06,cookie,15/07/26 03:25:44,
PICKUP_COMPLETE,operator,P-01,,15/07/26 03:25:46,
DROP_REQUEST,ROBOT_01,P-01,pallet,15/07/26 03:25:48,Slow Chaos
PICKUP_COMPLETE,ROBOT_01,P-06,,15/07/26 03:25:52,
DROP_REQUEST,ROBOT_01,P-06,cookie,15/07/26 03:25:52,Slow Queue
PICKUP_COMPLETE,ROBOT_03,P-02,,15/07/26 03:25:54,
DROP_REQUEST,operator,P-02,cookie,15/07/26 03:25:54,Slow Queue
DROP_COMPLETE,ROBOT_01,P-01,pallet,15/07/26 03:25:57,
DROP_COMPLETE,ROBOT_03,P-03,pallet,15/07/26 03:25:59,
DROP_REQUEST,ROBOT_01,P-05,box,15/07/26 03:26:01,Slow Chaos
PICKUP_REQUEST,ROBOT_03,P-01,pallet,15/07/26 03:26:04,
PICKUP_REQUEST,ROBOT_01,P-03,pallet,15/07/26 03:26:06,
PICKUP_COMPLETE,ROBOT_03,P-01,,15/07/26 03:26:09,
DROP_COMPLETE,ROBOT_01,P-05,box,15/07/26 03:26:11,
DROP_COMPLETE,ROBOT_01,P-06,cookie,15/07/26 03:26:13,
PICKUP_REQUEST,ROBOT_01,P-06,cookie,15/07/26 03:26:15,
PICKUP_COMPLETE,ROBOT_01,P-06,,15/07/26 03:26:17,
DROP_COMPLETE,operator,P-02,cookie,15/07/26 03:26:19,
PICKUP_REQUEST,operator,P-05,box,15/07/26 03:26:22,
DROP_REQUEST,ROBOT_01,P-01,pallet,15/07/26 03:26:23,Slow Chaos
DROP_COMPLETE,ROBOT_01,P-01,pallet,15/07/26 03:26:27,
PICKUP_COMPLETE,ROBOT_01,P-03,,15/07/26 03:26:30,
PICKUP_REQUEST,ROBOT_01,P-01,pallet,15/07/26 03:26:31,
PICKUP_REQUEST,operator,P-02,cookie,15/07/26 03:26:34,
DROP_REQUEST,ROBOT_01,P-06,cookie,15/07/26 03:26:37,Slow Chaos
PICKUP_COMPLETE,operator,P-05,,15/07/26 03:26:41,
DROP_COMPLETE,ROBOT_01,P-06,cookie,15/07/26 03:26:46,
PICKUP_COMPLETE,operator,P-02,,15/07/26 03:26:48,
DROP_REQUEST,operator,P-02,cookie,15/07/26 03:26:48,Slow Queue
PICKUP_REQUEST,ROBOT_03,P-06,cookie,15/07/26 03:26:51,
DROP_COMPLETE,ROBOT_03,P-04,pallet,15/07/26 03:26:54,
PICKUP_COMPLETE,ROBOT_03,P-06,,15/07/26 03:26:57,
DROP_REQUEST,ROBOT_01,P-06,cookie,15/07/26 03:27:07,Slow Chaos
DROP_COMPLETE,operator,P-02,cookie,15/07/26 03:27:09,
PICKUP_REQUEST,operator,P-02,cookie,15/07/26 03:27:10,
PICKUP_COMPLETE,ROBOT_01,P-01,,15/07/26 03:27:13,
DROP_REQUEST,ROBOT_01,P-05,box,15/07/26 03:27:18,Slow Chaos
PICKUP_COMPLETE,operator,P-02,,15/07/26 03:27:24,
DROP_REQUEST,ROBOT_01,P-03,pallet,15/07/26 03:27:25,Slow Chaos
DROP_REQUEST,ROBOT_03,P-01,pallet,15/07/26 03:27:27,Slow Chaos
DROP_REQUEST,operator,P-02,cookie,15/07/26 03:27:30,Slow Chaos
PICKUP_REQUEST,operator,P-04,pallet,15/07/26 03:27:32,
DROP_COMPLETE,ROBOT_01,P-06,cookie,15/07/26 03:27:35,
DROP_COMPLETE,ROBOT_01,P-05,box,15/07/26 03:27:37,
PICKUP_COMPLETE,operator,P-04,,15/07/26 03:27:40,
DROP_REQUEST,ROBOT_03,P-04,pallet,15/07/26 03:27:40,Slow Queue
DROP_COMPLETE,operator,P-02,cookie,15/07/26 03:27:41,
DROP_COMPLETE,ROBOT_01,P-03,pallet,15/07/26 03:27:43,
PICKUP_REQUEST,ROBOT_01,P-06,cookie,15/07/26 03:27:45,
DROP_COMPLETE,ROBOT_03,P-01,pallet,15/07/26 03:27:48,
PICKUP_REQUEST,operator,P-03,pallet,15/07/26 03:27:50,
PICKUP_COMPLETE,operator,P-03,,15/07/26 03:27:52,
PICKUP_REQUEST,ROBOT_01,P-01,pallet,15/07/26 03:27:55,
DROP_REQUEST,operator,P-03,pallet,15/07/26 03:27:59,Slow Chaos
PICKUP_COMPLETE,ROBOT_01,P-06,,15/07/26 03:28:02,
DROP_COMPLETE,operator,P-03,pallet,15/07/26 03:28:05,
PICKUP_REQUEST,operator,P-02,cookie,15/07/26 03:28:07,
PICKUP_COMPLETE,ROBOT_01,P-01,,15/07/26 03:28:09,
PICKUP_REQUEST,ROBOT_01,P-05,box,15/07/26 03:28:11,
PICKUP_COMPLETE,ROBOT_01,P-05,,15/07/26 03:28:14,
DROP_REQUEST,ROBOT_01,P-05,box,15/07/26 03:28:17,Slow Chaos
DROP_COMPLETE,ROBOT_03,P-04,pallet,15/07/26 03:28:19,
PICKUP_REQUEST,operator,P-03,pallet,15/07/26 03:28:20,
PICKUP_REQUEST,ROBOT_01,P-04,pallet,15/07/26 03:28:26,
DROP_COMPLETE,ROBOT_01,P-05,box,15/07/26 03:28:29,
PICKUP_COMPLETE,operator,P-02,,15/07/26 03:28:32,
DROP_REQUEST,ROBOT_03,P-02,cookie,15/07/26 03:28:32,Slow Queue
PICKUP_COMPLETE,ROBOT_01,P-04,,15/07/26 03:28:35,
PICKUP_COMPLETE,operator,P-03,,15/07/26 03:28:37,
PICKUP_REQUEST,ROBOT_01,P-05,box,15/07/26 03:28:40,
DROP_COMPLETE,ROBOT_03,P-02,cookie,15/07/26 03:28:42,
PICKUP_REQUEST,ROBOT_01,P-02,cookie,15/07/26 03:28:44,
PICKUP_COMPLETE,ROBOT_01,P-02,,15/07/26 03:28:49,
PICKUP_COMPLETE,ROBOT_01,P-05,,15/07/26 03:28:51,
DROP_REQUEST,operator,P-04,pallet,15/07/26 03:28:53,Slow Chaos
DROP_COMPLETE,operator,P-04,pallet,15/07/26 03:28:55,
DROP_REQUEST,ROBOT_01,P-03,pallet,15/07/26 03:28:58,Slow Chaos
DROP_REQUEST,ROBOT_01,P-05,box,15/07/26 03:29:00,Slow Chaos
DROP_COMPLETE,ROBOT_01,P-03,pallet,15/07/26 03:29:02,
DROP_REQUEST,ROBOT_01,P-06,cookie,15/07/26 03:29:04,Slow Chaos
DROP_REQUEST,operator,P-01,pallet,15/07/26 03:29:07,Slow Chaos
DROP_COMPLETE,ROBOT_01,P-06,cookie,15/07/26 03:29:10,
DROP_REQUEST,ROBOT_01,P-02,cookie,15/07/26 03:29:12,Slow Chaos
DROP_COMPLETE,ROBOT_01,P-02,cookie,15/07/26 03:29:16,
DROP_COMPLETE,ROBOT_01,P-05,box,15/07/26 03:29:21,
PICKUP_REQUEST,ROBOT_03,P-05,box,15/07/26 03:29:23,
PICKUP_COMPLETE,ROBOT_03,P-05,,15/07/26 03:29:25,
PICKUP_REQUEST,ROBOT_01,P-04,pallet,15/07/26 03:29:28,
PICKUP_COMPLETE,ROBOT_01,P-04,,15/07/26 03:29:30,
DROP_REQUEST,ROBOT_03,P-04,pallet,15/07/26 03:29:30,Slow Queue
PICKUP_REQUEST,ROBOT_01,P-06,cookie,15/07/26 03:29:33,
PICKUP_COMPLETE,ROBOT_01,P-06,,15/07/26 03:29:35,
DROP_REQUEST,operator,P-06,cookie,15/07/26 03:29:35,Slow Queue
DROP_COMPLETE,operator,P-06,cookie,15/07/26 03:29:39,
PICKUP_REQUEST,operator,P-02,cookie,15/07/26 03:29:41,
DROP_COMPLETE,operator,P-01,pallet,15/07/26 03:29:43,
PICKUP_REQUEST,operator,P-03,pallet,15/07/26 03:29:47,
PICKUP_REQUEST,ROBOT_03,P-01,pallet,15/07/26 03:29:52,
PICKUP_COMPLETE,operator,P-02,,15/07/26 03:29:53,
DROP_COMPLETE,ROBOT_03,P-04,pallet,15/07/26 03:29:56,
PICKUP_REQUEST,operator,P-04,pallet,15/07/26 03:29:58,
DROP_REQUEST,ROBOT_03,P-05,box,15/07/26 03:30:00,Slow Chaos
PICKUP_COMPLETE,operator,P-04,,15/07/26 03:30:03,
PICKUP_COMPLETE,ROBOT_03,P-01,,15/07/26 03:30:04,
PICKUP_COMPLETE,operator,P-03,,15/07/26 03:30:09,
DROP_COMPLETE,ROBOT_03,P-05,box,15/07/26 03:30:12,
DROP_REQUEST,ROBOT_01,P-01,pallet,15/07/26 03:30:19,Slow Chaos
DROP_REQUEST,operator,P-02,cookie,15/07/26 03:30:20,Slow Chaos
PICKUP_REQUEST,ROBOT_03,P-06,cookie,15/07/26 03:30:25,
DROP_REQUEST,ROBOT_03,P-03,pallet,15/07/26 03:30:31,Slow Chaos
PICKUP_COMPLETE,ROBOT_03,P-06,,15/07/26 03:30:33,
PICKUP_REQUEST,ROBOT_01,P-05,box,15/07/26 03:30:35,
DROP_COMPLETE,operator,P-02,cookie,15/07/26 03:30:37,
DROP_COMPLETE,ROBOT_03,P-03,pallet,15/07/26 03:30:40,
DROP_REQUEST,ROBOT_01,P-04,pallet,15/07/26 03:30:43,Slow Chaos
DROP_REQUEST,operator,P-06,cookie,15/07/26 03:30:45,Slow Chaos
DROP_COMPLETE,operator,P-06,cookie,15/07/26 03:30:46,
DROP_COMPLETE,ROBOT_01,P-04,pallet,15/07/26 03:30:49,
PICKUP_REQUEST,operator,P-02,cookie,15/07/26 03:30:52,
DROP_COMPLETE,ROBOT_01,P-01,pallet,15/07/26 03:30:54,
PICKUP_REQUEST,ROBOT_03,P-03,pallet,15/07/26 03:30:56,
PICKUP_REQUEST,ROBOT_01,P-06,cookie,15/07/26 03:30:58,
PICKUP_COMPLETE,ROBOT_01,P-05,,15/07/26 03:31:00,
DROP_REQUEST,ROBOT_03,P-05,box,15/07/26 03:31:04,Slow Chaos
PICKUP_COMPLETE,ROBOT_03,P-03,,15/07/26 03:31:07,
DROP_COMPLETE,ROBOT_03,P-05,box,15/07/26 03:31:09,
PICKUP_COMPLETE,ROBOT_01,P-06,,15/07/26 03:31:13,
DROP_REQUEST,ROBOT_03,P-03,pallet,15/07/26 03:31:15,Slow Chaos
DROP_REQUEST,ROBOT_03,P-06,cookie,15/07/26 03:31:20,Slow Chaos
PICKUP_REQUEST,ROBOT_01,P-04,pallet,15/07/26 03:31:22,
DROP_COMPLETE,ROBOT_03,P-06,cookie,15/07/26 03:31:25,
DROP_COMPLETE,ROBOT_03,P-03,pallet,15/07/26 03:31:28,
PICKUP_COMPLETE,ROBOT_01,P-04,,15/07/26 03:31:30,
DROP_REQUEST,ROBOT_03,P-04,pallet,15/07/26 03:31:30,Slow Queue
PICKUP_COMPLETE,operator,P-02,,15/07/26 03:31:32,
DROP_COMPLETE,ROBOT_03,P-04,pallet,15/07/26 03:31:34,
DROP_REQUEST,ROBOT_01,P-02,cookie,15/07/26 03:31:36,Slow Chaos
PICKUP_REQUEST,ROBOT_01,P-01,pallet,15/07/26 03:31:41,
PICKUP_REQUEST,ROBOT_03,P-03,pallet,15/07/26 03:31:45,
PICKUP_REQUEST,ROBOT_03,P-05,box,15/07/26 03:31:48,
PICKUP_REQUEST,ROBOT_03,P-06,cookie,15/07/26 03:31:50,
DROP_COMPLETE,ROBOT_01,P-02,cookie,15/07/26 03:31:53,
PICKUP_COMPLETE,ROBOT_01,P-01,,15/07/26 03:31:56,
DROP_REQUEST,operator,P-01,pallet,15/07/26 03:31:56,Slow Queue
PICKUP_REQUEST,operator,P-02,cookie,15/07/26 03:32:01,
PICKUP_COMPLETE,ROBOT_03,P-06,,15/07/26 03:32:04,
PICKUP_COMPLETE,ROBOT_03,P-05,,15/07/26 03:32:06,
DROP_REQUEST,ROBOT_01,P-05,box,15/07/26 03:32:08,Slow Chaos
DROP_COMPLETE,operator,P-01,pallet,15/07/26 03:32:10,
PICKUP_REQUEST,operator,P-04,pallet,15/07/26 03:32:12,
PICKUP_COMPLETE,operator,P-02,,15/07/26 03:32:14,
PICKUP_COMPLETE,operator,P-04,,15/07/26 03:32:17,
DROP_REQUEST,ROBOT_03,P-06,cookie,15/07/26 03:32:19,Slow Chaos
DROP_COMPLETE,ROBOT_01,P-05,box,15/07/26 03:32:22,
PICKUP_COMPLETE,ROBOT_03,P-03,,15/07/26 03:32:25,
DROP_REQUEST,ROBOT_03,P-03,pallet,15/07/26 03:32:25,Slow Queue
PICKUP_REQUEST,ROBOT_01,P-01,pallet,15/07/26 03:32:34,
PICKUP_COMPLETE,ROBOT_01,P-01,,15/07/26 03:32:36,
DROP_REQUEST,operator,P-01,pallet,15/07/26 03:32:36,Slow Queue
DROP_REQUEST,ROBOT_01,P-04,pallet,15/07/26 03:32:41,Slow Chaos
PICKUP_REQUEST,operator,P-05,box,15/07/26 03:32:43,
DROP_COMPLETE,ROBOT_03,P-03,pallet,15/07/26 03:32:46,
PICKUP_REQUEST,ROBOT_01,P-03,pallet,15/07/26 03:32:48,
DROP_COMPLETE,operator,P-01,pallet,15/07/26 03:32:51,
DROP_REQUEST,operator,P-02,cookie,15/07/26 03:32:54,Slow Chaos
PICKUP_COMPLETE,operator,P-05,,15/07/26 03:32:57,
PICKUP_COMPLETE,ROBOT_01,P-03,,15/07/26 03:33:00,
DROP_REQUEST,ROBOT_01,P-05,box,15/07/26 03:33:02,Slow Chaos
DROP_COMPLETE,ROBOT_01,P-05,box,15/07/26 03:33:04,
DROP_REQUEST,operator,P-03,pallet,15/07/26 03:33:06,Slow Chaos
DROP_COMPLETE,operator,P-03,pallet,15/07/26 03:33:09,
DROP_COMPLETE,ROBOT_01,P-04,pallet,15/07/26 03:33:10,
PICKUP_REQUEST,ROBOT_03,P-01,pallet,15/07/26 03:33:12,
PICKUP_REQUEST,operator,P-03,pallet,15/07/26 03:33:14,
DROP_COMPLETE,ROBOT_03,P-06,cookie,15/07/26 03:33:15,
PICKUP_COMPLETE,ROBOT_03,P-01,,15/07/26 03:33:18,
PICKUP_REQUEST,operator,P-04,pallet,15/07/26 03:33:20,
PICKUP_REQUEST,ROBOT_03,P-05,box,15/07/26 03:33:25,
DROP_COMPLETE,operator,P-02,cookie,15/07/26 03:33:27,
PICKUP_REQUEST,ROBOT_01,P-06,cookie,15/07/26 03:33:28,
PICKUP_COMPLETE,ROBOT_03,P-05,,15/07/26 03:33:31,
DROP_REQUEST,ROBOT_01,P-05,box,15/07/26 03:33:33,Slow Chaos
PICKUP_REQUEST,ROBOT_03,P-02,cookie,15/07/26 03:33:36,
DROP_COMPLETE,ROBOT_01,P-05,box,15/07/26 03:33:37,
PICKUP_COMPLETE,operator,P-04,,15/07/26 03:33:40,
PICKUP_COMPLETE,ROBOT_03,P-02,,15/07/26 03:33:41,
PICKUP_COMPLETE,operator,P-03,,15/07/26 03:33:48,
PICKUP_COMPLETE,ROBOT_01,P-06,,15/07/26 03:33:52,
DROP_REQUEST,ROBOT_03,P-04,pallet,15/07/26 03:33:58,Slow Chaos
DROP_COMPLETE,ROBOT_03,P-04,pallet,15/07/26 03:34:00,
PICKUP_REQUEST,operator,P-04,pallet,15/07/26 03:34:04,
PICKUP_REQUEST,operator,P-05,box,15/07/26 03:34:06,
PICKUP_COMPLETE,operator,P-04,,15/07/26 03:34:09,
DROP_REQUEST,operator,P-04,pallet,15/07/26 03:34:11,Slow Chaos
DROP_REQUEST,ROBOT_03,P-03,pallet,15/07/26 03:34:13,Slow Chaos
DROP_COMPLETE,ROBOT_03,P-03,pallet,15/07/26 03:34:18,
DROP_REQUEST,ROBOT_01,P-02,cookie,15/07/26 03:34:21,Slow Chaos
DROP_REQUEST,ROBOT_03,P-06,cookie,15/07/26 03:34:25,Slow Chaos
PICKUP_COMPLETE,operator,P-05,,15/07/26 03:34:27,
DROP_COMPLETE,operator,P-04,pallet,15/07/26 03:34:29,
DROP_REQUEST,ROBOT_03,P-05,box,15/07/26 03:34:31,Slow Chaos
PICKUP_REQUEST,operator,P-03,pallet,15/07/26 03:34:36,
PICKUP_COMPLETE,operator,P-03,,15/07/26 03:34:39,
DROP_REQUEST,ROBOT_01,P-03,pallet,15/07/26 03:34:39,Slow Queue
DROP_COMPLETE,ROBOT_03,P-05,box,15/07/26 03:34:40,
DROP_REQUEST,ROBOT_01,P-01,pallet,15/07/26 03:34:46,Slow Chaos
DROP_COMPLETE,ROBOT_01,P-02,cookie,15/07/26 03:34:50,
PICKUP_REQUEST,operator,P-05,box,15/07/26 03:34:52,
DROP_COMPLETE,ROBOT_01,P-01,pallet,15/07/26 03:34:55,
PICKUP_REQUEST,operator,P-04,pallet,15/07/26 03:34:57,
DROP_COMPLETE,ROBOT_03,P-06,cookie,15/07/26 03:35:00,
PICKUP_COMPLETE,operator,P-05,,15/07/26 03:35:02,
PICKUP_COMPLETE,operator,P-04,,15/07/26 03:35:04,
PICKUP_REQUEST,ROBOT_01,P-02,cookie,15/07/26 03:35:06,
DROP_REQUEST,ROBOT_03,P-05,box,15/07/26 03:35:13,Slow Chaos
DROP_COMPLETE,ROBOT_01,P-03,pallet,15/07/26 03:35:16,
PICKUP_COMPLETE,ROBOT_01,P-02,,15/07/26 03:35:19,
DROP_REQUEST,ROBOT_01,P-04,pallet,15/07/26 03:35:21,Slow Chaos
PICKUP_REQUEST,ROBOT_01,P-01,pallet,15/07/26 03:35:23,
DROP_REQUEST,ROBOT_01,P-02,cookie,15/07/26 03:35:25,Slow Chaos
DROP_COMPLETE,ROBOT_01,P-04,pallet,15/07/26 03:35:28,
DROP_COMPLETE,ROBOT_01,P-02,cookie,15/07/26 03:35:30,
DROP_COMPLETE,ROBOT_03,P-05,box,15/07/26 03:35:32,
PICKUP_REQUEST,ROBOT_03,P-05,box,15/07/26 03:35:36,
PICKUP_REQUEST,operator,P-06,cookie,15/07/26 03:35:38,
PICKUP_REQUEST,ROBOT_01,P-03,pallet,15/07/26 03:35:40,
PICKUP_COMPLETE,ROBOT_01,P-03,,15/07/26 03:35:43,
DROP_REQUEST,ROBOT_03,P-03,pallet,15/07/26 03:35:43,Slow Queue
PICKUP_COMPLETE,ROBOT_01,P-01,,15/07/26 03:35:46,
PICKUP_REQUEST,ROBOT_01,P-04,pallet,15/07/26 03:35:48,
PICKUP_REQUEST,operator,P-02,cookie,15/07/26 03:35:50,
PICKUP_COMPLETE,ROBOT_03,P-05,,15/07/26 03:35:52,
DROP_REQUEST,ROBOT_01,P-05,box,15/07/26 03:35:57,Slow Chaos
DROP_REQUEST,operator,P-01,pallet,15/07/26 03:36:00,Slow Chaos
PICKUP_COMPLETE,operator,P-06,,15/07/26 03:36:02,
DROP_REQUEST,operator,P-06,cookie,15/07/26 03:36:02,Slow Queue
DROP_COMPLETE,operator,P-01,pallet,15/07/26 03:36:04,
PICKUP_COMPLETE,operator,P-02,,15/07/26 03:36:07,
DROP_REQUEST,operator,P-02,cookie,15/07/26 03:36:10,Slow Chaos
DROP_COMPLETE,ROBOT_03,P-03,pallet,15/07/26 03:36:11,
PICKUP_REQUEST,ROBOT_01,P-01,pallet,15/07/26 03:36:14,
PICKUP_REQUEST,ROBOT_01,P-03,pallet,15/07/26 03:36:20,
PICKUP_COMPLETE,ROBOT_01,P-03,,15/07/26 03:36:23,
DROP_COMPLETE,operator,P-06,cookie,15/07/26 03:36:26,
DROP_COMPLETE,operator,P-02,cookie,15/07/26 03:36:28,
PICKUP_REQUEST,ROBOT_01,P-06,cookie,15/07/26 03:36:32,
PICKUP_REQUEST,ROBOT_03,P-02,cookie,15/07/26 03:36:34,
PICKUP_COMPLETE,ROBOT_01,P-06,,15/07/26 03:36:37,
DROP_REQUEST,ROBOT_03,P-06,cookie,15/07/26 03:36:37,Slow Queue
DROP_REQUEST,ROBOT_01,P-03,pallet,15/07/26 03:36:40,Slow Chaos
PICKUP_COMPLETE,ROBOT_01,P-04,,15/07/26 03:36:42,
DROP_COMPLETE,ROBOT_03,P-06,cookie,15/07/26 03:36:44,
PICKUP_REQUEST,ROBOT_01,P-06,cookie,15/07/26 03:36:46,
PICKUP_COMPLETE,ROBOT_03,P-02,,15/07/26 03:36:48,
DROP_REQUEST,operator,P-02,cookie,15/07/26 03:36:49,Slow Chaos
PICKUP_COMPLETE,ROBOT_01,P-06,,15/07/26 03:36:54,
DROP_REQUEST,operator,P-06,cookie,15/07/26 03:36:54,Slow Queue
DROP_COMPLETE,ROBOT_01,P-05,box,15/07/26 03:36:56,
DROP_REQUEST,ROBOT_03,P-04,pallet,15/07/26 03:36:59,Slow Chaos
DROP_COMPLETE,ROBOT_03,P-04,pallet,15/07/26 03:37:01,
PICKUP_REQUEST,ROBOT_01,P-05,box,15/07/26 03:37:03,
DROP_COMPLETE,operator,P-02,cookie,15/07/26 03:37:06,
PICKUP_COMPLETE,ROBOT_01,P-05,,15/07/26 03:37:08,
DROP_REQUEST,ROBOT_03,P-05,box,15/07/26 03:37:09,Slow Chaos
DROP_COMPLETE,ROBOT_03,P-05,box,15/07/26 03:37:12,
DROP_COMPLETE,operator,P-06,cookie,15/07/26 03:37:14,
PICKUP_REQUEST,operator,P-02,cookie,15/07/26 03:37:18,
PICKUP_REQUEST,ROBOT_03,P-05,box,15/07/26 03:37:21,
PICKUP_COMPLETE,ROBOT_03,P-05,,15/07/26 03:37:23,
DROP_REQUEST,operator,P-05,box,15/07/26 03:37:26,Slow Chaos
PICKUP_REQUEST,ROBOT_01,P-06,cookie,15/07/26 03:37:27,
PICKUP_COMPLETE,ROBOT_01,P-01,,15/07/26 03:37:32,
PICKUP_COMPLETE,ROBOT_01,P-06,,15/07/26 03:37:35,
PICKUP_REQUEST,ROBOT_01,P-04,pallet,15/07/26 03:37:37,
PICKUP_COMPLETE,operator,P-02,,15/07/26 03:37:39,
PICKUP_COMPLETE,ROBOT_01,P-04,,15/07/26 03:37:41,
DROP_COMPLETE,ROBOT_01,P-03,pallet,15/07/26 03:37:43,
PICKUP_REQUEST,operator,P-03,pallet,15/07/26 03:37:47,
DROP_REQUEST,operator,P-06,cookie,15/07/26 03:37:49,Slow Chaos
DROP_REQUEST,ROBOT_03,P-01,pallet,15/07/26 03:37:51,Slow Chaos
DROP_COMPLETE,operator,P-06,cookie,15/07/26 03:37:56,
DROP_REQUEST,ROBOT_01,P-02,cookie,15/07/26 03:37:58,Slow Chaos
DROP_COMPLETE,ROBOT_01,P-02,cookie,15/07/26 03:38:01,
DROP_COMPLETE,ROBOT_03,P-01,pallet,15/07/26 03:38:03,
PICKUP_COMPLETE,operator,P-03,,15/07/26 03:38:08,
DROP_REQUEST,ROBOT_03,P-04,pallet,15/07/26 03:38:11,Slow Chaos
PICKUP_REQUEST,ROBOT_01,P-01,pallet,15/07/26 03:38:14,
PICKUP_COMPLETE,ROBOT_01,P-01,,15/07/26 03:38:16,
DROP_REQUEST,operator,P-03,pallet,15/07/26 03:38:18,Slow Chaos
PICKUP_REQUEST,ROBOT_03,P-06,cookie,15/07/26 03:38:20,
DROP_COMPLETE,operator,P-03,pallet,15/07/26 03:38:22,
DROP_COMPLETE,operator,P-05,box,15/07/26 03:38:24,
DROP_REQUEST,ROBOT_01,P-01,pallet,15/07/26 03:38:26,Slow Chaos
PICKUP_COMPLETE,ROBOT_03,P-06,,15/07/26 03:38:28,
DROP_COMPLETE,ROBOT_03,P-04,pallet,15/07/26 03:38:31,
PICKUP_REQUEST,ROBOT_01,P-03,pallet,15/07/26 03:38:35,
PICKUP_REQUEST,ROBOT_01,P-05,box,15/07/26 03:38:37,
PICKUP_REQUEST,operator,P-04,pallet,15/07/26 03:38:39,
PICKUP_REQUEST,ROBOT_01,P-02,cookie,15/07/26 03:38:41,
PICKUP_COMPLETE,operator,P-04,,15/07/26 03:38:43,
DROP_REQUEST,ROBOT_01,P-04,pallet,15/07/26 03:38:45,Slow Chaos
PICKUP_COMPLETE,ROBOT_01,P-05,,15/07/26 03:38:47,
DROP_COMPLETE,ROBOT_01,P-04,pallet,15/07/26 03:38:49,
PICKUP_COMPLETE,ROBOT_01,P-02,,15/07/26 03:38:51,
DROP_REQUEST,ROBOT_01,P-02,cookie,15/07/26 03:38:51,Slow Queue
DROP_REQUEST,operator,P-05,box,15/07/26 03:38:54,Slow Chaos
DROP_COMPLETE,ROBOT_01,P-01,pallet,15/07/26 03:38:59,
DROP_COMPLETE,operator,P-05,box,15/07/26 03:39:01,
PICKUP_COMPLETE,ROBOT_01,P-03,,15/07/26 03:39:03,
DROP_REQUEST,operator,P-03,pallet,15/07/26 03:39:03,Slow Queue
PICKUP_REQUEST,ROBOT_03,P-05,box,15/07/26 03:39:05,
PICKUP_COMPLETE,ROBOT_03,P-05,,15/07/26 03:39:07,
DROP_REQUEST,operator,P-05,box,15/07/26 03:39:15,Slow Chaos
DROP_REQUEST,ROBOT_03,P-06,cookie,15/07/26 03:39:17,Slow Chaos
PICKUP_REQUEST,ROBOT_01,P-04,pallet,15/07/26 03:39:19,
PICKUP_COMPLETE,ROBOT_01,P-04,,15/07/26 03:39:21,
DROP_COMPLETE,ROBOT_01,P-02,cookie,15/07/26 03:39:24,
PICKUP_REQUEST,operator,P-02,cookie,15/07/26 03:39:27,
PICKUP_REQUEST,operator,P-01,pallet,15/07/26 03:39:30,
DROP_COMPLETE,operator,P-03,pallet,15/07/26 03:39:33,
PICKUP_COMPLETE,operator,P-02,,15/07/26 03:39:35,
DROP_COMPLETE,operator,P-05,box,15/07/26 03:39:37,
PICKUP_REQUEST,operator,P-05,box,15/07/26 03:39:42,
DROP_REQUEST,ROBOT_01,P-02,cookie,15/07/26 03:39:46,Slow Chaos
PICKUP_COMPLETE,operator,P-05,,15/07/26 03:39:52,
DROP_COMPLETE,ROBOT_03,P-06,cookie,15/07/26 03:39:54,
PICKUP_REQUEST,ROBOT_01,P-03,pallet,15/07/26 03:39:56,
PICKUP_COMPLETE,ROBOT_01,P-03,,15/07/26 03:39:58,
DROP_REQUEST,operator,P-03,pallet,15/07/26 03:39:58,Slow Queue
PICKUP_REQUEST,operator,P-06,cookie,15/07/26 03:40:01,
DROP_COMPLETE,ROBOT_01,P-02,cookie,15/07/26 03:40:03,
PICKUP_REQUEST,ROBOT_03,P-02,cookie,15/07/26 03:40:05,
DROP_COMPLETE,operator,P-03,pallet,15/07/26 03:40:08,
PICKUP_COMPLETE,ROBOT_03,P-02,,15/07/26 03:40:10,
PICKUP_REQUEST,operator,P-03,pallet,15/07/26 03:40:12,
PICKUP_COMPLETE,operator,P-01,,15/07/26 03:40:14,
PICKUP_COMPLETE,operator,P-06,,15/07/26 03:40:16,
DROP_REQUEST,operator,P-06,cookie,15/07/26 03:40:21,Slow Chaos
DROP_REQUEST,ROBOT_01,P-02,cookie,15/07/26 03:40:26,Slow Chaos
DROP_REQUEST,ROBOT_03,P-04,pallet,15/07/26 03:40:28,Slow Chaos
DROP_COMPLETE,operator,P-06,cookie,15/07/26 03:40:30,
PICKUP_COMPLETE,operator,P-03,,15/07/26 03:40:33,
DROP_COMPLETE,ROBOT_03,P-04,pallet,15/07/26 03:40:35,
PICKUP_REQUEST,operator,P-06,cookie,15/07/26 03:40:40,
DROP_REQUEST,ROBOT_01,P-01,pallet,15/07/26 03:40:43,Slow Chaos
DROP_COMPLETE,ROBOT_01,P-01,pallet,15/07/26 03:40:45,
PICKUP_COMPLETE,operator,P-06,,15/07/26 03:40:47,
DROP_REQUEST,operator,P-03,pallet,15/07/26 03:40:50,Slow Chaos
DROP_REQUEST,operator,P-05,box,15/07/26 03:40:52,Slow Chaos
DROP_COMPLETE,ROBOT_01,P-02,cookie,15/07/26 03:40:54,
DROP_COMPLETE,operator,P-03,pallet,15/07/26 03:40:59,
PICKUP_REQUEST,ROBOT_03,P-04,pallet,15/07/26 03:41:02,
PICKUP_REQUEST,ROBOT_01,P-01,pallet,15/07/26 03:41:04,
PICKUP_REQUEST,operator,P-02,cookie,15/07/26 03:41:06,
PICKUP_COMPLETE,operator,P-02,,15/07/26 03:41:08,
DROP_COMPLETE,operator,P-05,box,15/07/26 03:41:13,
PICKUP_REQUEST,operator,P-03,pallet,15/07/26 03:41:15,
PICKUP_COMPLETE,ROBOT_03,P-04,,15/07/26 03:41:18,
DROP_REQUEST,ROBOT_03,P-04,pallet,15/07/26 03:41:18,Slow Queue
PICKUP_COMPLETE,ROBOT_01,P-01,,15/07/26 03:41:26,
DROP_REQUEST,ROBOT_01,P-02,cookie,15/07/26 03:41:28,Slow Chaos
DROP_COMPLETE,ROBOT_03,P-04,pallet,15/07/26 03:41:31,
DROP_COMPLETE,ROBOT_01,P-02,cookie,15/07/26 03:41:33,
PICKUP_REQUEST,ROBOT_01,P-05,box,15/07/26 03:41:35,
PICKUP_REQUEST,ROBOT_03,P-02,cookie,15/07/26 03:41:37,
DROP_REQUEST,ROBOT_03,P-06,cookie,15/07/26 03:41:40,Slow Chaos
DROP_COMPLETE,ROBOT_03,P-06,cookie,15/07/26 03:41:42,
PICKUP_COMPLETE,operator,P-03,,15/07/26 03:41:47,
DROP_REQUEST,operator,P-03,pallet,15/07/26 03:41:50,Slow Chaos
PICKUP_COMPLETE,ROBOT_01,P-05,,15/07/26 03:41:51,
PICKUP_REQUEST,operator,P-04,pallet,15/07/26 03:41:54,
DROP_COMPLETE,operator,P-03,pallet,15/07/26 03:41:57,
DROP_REQUEST,ROBOT_03,P-01,pallet,15/07/26 03:41:59,Slow Chaos
PICKUP_COMPLETE,ROBOT_03,P-02,,15/07/26 03:42:02,
DROP_REQUEST,ROBOT_03,P-02,cookie,15/07/26 03:42:03,Slow Chaos
DROP_REQUEST,operator,P-05,box,15/07/26 03:42:05,Slow Chaos
DROP_COMPLETE,ROBOT_03,P-02,cookie,15/07/26 03:42:07,
DROP_COMPLETE,ROBOT_03,P-01,pallet,15/07/26 03:42:08,
PICKUP_REQUEST,operator,P-06,cookie,15/07/26 03:42:13,
DROP_COMPLETE,operator,P-05,box,15/07/26 03:42:15,
PICKUP_REQUEST,operator,P-05,box,15/07/26 03:42:17,
PICKUP_COMPLETE,operator,P-04,,15/07/26 03:42:20,
PICKUP_REQUEST,ROBOT_01,P-03,pallet,15/07/26 03:42:22,
DROP_REQUEST,ROBOT_03,P-04,pallet,15/07/26 03:42:24,Slow Chaos
PICKUP_COMPLETE,ROBOT_01,P-03,,15/07/26 03:42:27,
DROP_REQUEST,operator,P-03,pallet,15/07/26 03:42:27,Slow Queue
PICKUP_COMPLETE,operator,P-05,,15/07/26 03:42:29,
DROP_REQUEST,operator,P-05,box,15/07/26 03:42:31,Slow Chaos
DROP_COMPLETE,operator,P-05,box,15/07/26 03:42:33,
PICKUP_COMPLETE,operator,P-06,,15/07/26 03:42:35,
DROP_REQUEST,ROBOT_01,P-06,cookie,15/07/26 03:42:35,Slow Queue
DROP_COMPLETE,ROBOT_01,P-06,cookie,15/07/26 03:42:37,
PICKUP_REQUEST,operator,P-05,box,15/07/26 03:42:40,
DROP_COMPLETE,operator,P-03,pallet,15/07/26 03:42:43,
DROP_COMPLETE,ROBOT_03,P-04,pallet,15/07/26 03:42:45,
PICKUP_REQUEST,operator,P-01,pallet,15/07/26 03:42:47,
PICKUP_COMPLETE,operator,P-05,,15/07/26 03:42:50,
PICKUP_COMPLETE,operator,P-01,,15/07/26 03:42:52,
PICKUP_REQUEST,ROBOT_03,P-03,pallet,15/07/26 03:42:56,
DROP_REQUEST,operator,P-01,pallet,15/07/26 03:42:58,Slow Chaos
PICKUP_COMPLETE,ROBOT_03,P-03,,15/07/26 03:43:01,
DROP_COMPLETE,operator,P-01,pallet,15/07/26 03:43:03,
PICKUP_REQUEST,ROBOT_01,P-04,pallet,15/07/26 03:43:05,
DROP_REQUEST,ROBOT_03,P-05,box,15/07/26 03:43:07,Slow Chaos
DROP_REQUEST,operator,P-03,pallet,15/07/26 03:43:10,Slow Chaos
DROP_COMPLETE,operator,P-03,pallet,15/07/26 03:43:12,
DROP_COMPLETE,ROBOT_03,P-05,box,15/07/26 03:43:17,
PICKUP_COMPLETE,ROBOT_01,P-04,,15/07/26 03:43:20,
DROP_REQUEST,ROBOT_01,P-04,pallet,15/07/26 03:43:20,Slow Queue
PICKUP_REQUEST,operator,P-02,cookie,15/07/26 03:43:22,
PICKUP_REQUEST,ROBOT_01,P-01,pallet,15/07/26 03:43:24,
PICKUP_REQUEST,operator,P-05,box,15/07/26 03:43:26,
PICKUP_COMPLETE,operator,P-05,,15/07/26 03:43:29,
DROP_COMPLETE,ROBOT_01,P-04,pallet,15/07/26 03:43:30,
PICKUP_REQUEST,ROBOT_03,P-03,pallet,15/07/26 03:43:32,
PICKUP_REQUEST,ROBOT_01,P-06,cookie,15/07/26 03:43:34,
PICKUP_REQUEST,ROBOT_03,P-04,pallet,15/07/26 03:43:36,
PICKUP_COMPLETE,operator,P-02,,15/07/26 03:43:38,
PICKUP_COMPLETE,ROBOT_03,P-03,,15/07/26 03:43:40,
DROP_REQUEST,ROBOT_01,P-05,box,15/07/26 03:43:43,Slow Chaos
PICKUP_COMPLETE,ROBOT_01,P-01,,15/07/26 03:43:45,
PICKUP_COMPLETE,ROBOT_01,P-06,,15/07/26 03:43:47,
DROP_COMPLETE,ROBOT_01,P-05,box,15/07/26 03:43:50,
PICKUP_COMPLETE,ROBOT_03,P-04,,15/07/26 03:43:52,
DROP_REQUEST,ROBOT_01,P-04,pallet,15/07/26 03:43:54,Slow Chaos
DROP_REQUEST,ROBOT_03,P-03,pallet,15/07/26 03:43:56,Slow Chaos
PICKUP_REQUEST,ROBOT_01,P-05,box,15/07/26 03:43:59,
PICKUP_COMPLETE,ROBOT_01,P-05,,15/07/26 03:44:02,
DROP_REQUEST,ROBOT_03,P-06,cookie,15/07/26 03:44:04,Slow Chaos
DROP_REQUEST,ROBOT_03,P-05,box,15/07/26 03:44:05,Slow Chaos
DROP_COMPLETE,ROBOT_03,P-03,pallet,15/07/26 03:44:08,
DROP_COMPLETE,ROBOT_01,P-04,pallet,15/07/26 03:44:10,
DROP_COMPLETE,ROBOT_03,P-05,box,15/07/26 03:44:12,
DROP_REQUEST,ROBOT_03,P-02,cookie,15/07/26 03:44:14,Slow Chaos
PICKUP_REQUEST,ROBOT_03,P-03,pallet,15/07/26 03:44:16,
DROP_COMPLETE,ROBOT_03,P-02,cookie,15/07/26 03:44:19,
DROP_REQUEST,ROBOT_03,P-01,pallet,15/07/26 03:44:24,Slow Chaos
PICKUP_REQUEST,ROBOT_01,P-04,pallet,15/07/26 03:44:25,
PICKUP_COMPLETE,ROBOT_01,P-04,,15/07/26 03:44:30,
DROP_REQUEST,ROBOT_01,P-04,pallet,15/07/26 03:44:33,Slow Chaos
PICKUP_COMPLETE,ROBOT_03,P-03,,15/07/26 03:44:35,
PICKUP_REQUEST,ROBOT_03,P-02,cookie,15/07/26 03:44:45,
DROP_COMPLETE,ROBOT_01,P-04,pallet,15/07/26 03:44:47,
PICKUP_REQUEST,operator,P-05,box,15/07/26 03:44:49,
DROP_COMPLETE,ROBOT_03,P-01,pallet,15/07/26 03:44:51,
PICKUP_REQUEST,ROBOT_01,P-04,pallet,15/07/26 03:44:53,
PICKUP_COMPLETE,operator,P-05,,15/07/26 03:45:01,
DROP_REQUEST,operator,P-05,box,15/07/26 03:45:01,Slow Queue
PICKUP_COMPLETE,ROBOT_01,P-04,,15/07/26 03:45:03,
DROP_REQUEST,ROBOT_03,P-03,pallet,15/07/26 03:45:05,Slow Chaos
PICKUP_REQUEST,ROBOT_03,P-01,pallet,15/07/26 03:45:07,
PICKUP_COMPLETE,ROBOT_03,P-02,,15/07/26 03:45:10,
DROP_COMPLETE,ROBOT_03,P-06,cookie,15/07/26 03:45:11,
DROP_COMPLETE,operator,P-05,box,15/07/26 03:45:14,
DROP_COMPLETE,ROBOT_03,P-03,pallet,15/07/26 03:45:20,
PICKUP_REQUEST,operator,P-03,pallet,15/07/26 03:45:23,
PICKUP_COMPLETE,operator,P-03,,15/07/26 03:45:25,
PICKUP_REQUEST,ROBOT_01,P-05,box,15/07/26 03:45:27,
DROP_REQUEST,ROBOT_01,P-02,cookie,15/07/26 03:45:31,Slow Chaos
DROP_REQUEST,ROBOT_03,P-04,pallet,15/07/26 03:45:34,Slow Chaos
DROP_REQUEST,ROBOT_01,P-03,pallet,15/07/26 03:45:36,Slow Chaos
PICKUP_COMPLETE,ROBOT_01,P-05,,15/07/26 03:45:39,
DROP_REQUEST,ROBOT_01,P-05,box,15/07/26 03:45:39,Slow Queue
PICKUP_COMPLETE,ROBOT_03,P-01,,15/07/26 03:45:41,
DROP_COMPLETE,ROBOT_01,P-03,pallet,15/07/26 03:45:42,
DROP_COMPLETE,ROBOT_01,P-02,cookie,15/07/26 03:45:44,
DROP_REQUEST,ROBOT_03,P-01,pallet,15/07/26 03:45:46,Slow Chaos
PICKUP_REQUEST,ROBOT_01,P-03,pallet,15/07/26 03:45:49,
PICKUP_REQUEST,operator,P-06,cookie,15/07/26 03:45:52,
DROP_COMPLETE,ROBOT_01,P-05,box,15/07/26 03:45:54,
DROP_COMPLETE,ROBOT_03,P-04,pallet,15/07/26 03:45:57,
PICKUP_COMPLETE,ROBOT_01,P-03,,15/07/26 03:45:59,
PICKUP_REQUEST,ROBOT_01,P-04,pallet,15/07/26 03:46:00,
DROP_REQUEST,ROBOT_03,P-03,pallet,15/07/26 03:46:07,Slow Chaos
DROP_COMPLETE,ROBOT_03,P-03,pallet,15/07/26 03:46:10,
DROP_COMPLETE,ROBOT_03,P-01,pallet,15/07/26 03:46:13,
PICKUP_REQUEST,ROBOT_03,P-03,pallet,15/07/26 03:46:15,
PICKUP_REQUEST,operator,P-02,cookie,15/07/26 03:46:17,
PICKUP_COMPLETE,ROBOT_01,P-04,,15/07/26 03:46:19,
PICKUP_COMPLETE,operator,P-06,,15/07/26 03:46:21,
DROP_REQUEST,operator,P-06,cookie,15/07/26 03:46:21,Slow Queue
PICKUP_REQUEST,ROBOT_01,P-01,pallet,15/07/26 03:46:26,
PICKUP_REQUEST,operator,P-05,box,15/07/26 03:46:29,
PICKUP_COMPLETE,operator,P-05,,15/07/26 03:46:34,
DROP_REQUEST,operator,P-05,box,15/07/26 03:46:34,Slow Queue
DROP_REQUEST,operator,P-04,pallet,15/07/26 03:46:36,Slow Chaos
PICKUP_COMPLETE,operator,P-02,,15/07/26 03:46:39,
PICKUP_COMPLETE,ROBOT_03,P-03,,15/07/26 03:46:41,
DROP_REQUEST,ROBOT_01,P-03,pallet,15/07/26 03:46:43,Slow Chaos
DROP_COMPLETE,operator,P-05,box,15/07/26 03:46:46,
PICKUP_COMPLETE,ROBOT_01,P-01,,15/07/26 03:46:48,
DROP_REQUEST,operator,P-01,pallet,15/07/26 03:46:48,Slow Queue
DROP_COMPLETE,operator,P-01,pallet,15/07/26 03:46:51,
DROP_COMPLETE,ROBOT_01,P-03,pallet,15/07/26 03:46:54,
DROP_REQUEST,operator,P-02,cookie,15/07/26 03:46:57,Slow Chaos
DROP_COMPLETE,operator,P-06,cookie,15/07/26 03:46:59,
PICKUP_REQUEST,operator,P-06,cookie,15/07/26 03:47:01,
PICKUP_REQUEST,ROBOT_01,P-05,box,15/07/26 03:47:04,
DROP_COMPLETE,operator,P-02,cookie,15/07/26 03:47:07,
PICKUP_REQUEST,ROBOT_01,P-01,pallet,15/07/26 03:47:09,
PICKUP_COMPLETE,ROBOT_01,P-05,,15/07/26 03:47:12,
PICKUP_COMPLETE,operator,P-06,,15/07/26 03:47:15,
DROP_COMPLETE,operator,P-04,pallet,15/07/26 03:47:17,
PICKUP_REQUEST,ROBOT_01,P-03,pallet,15/07/26 03:47:19,
PICKUP_COMPLETE,ROBOT_01,P-01,,15/07/26 03:47:22,
PICKUP_REQUEST,operator,P-02,cookie,15/07/26 03:47:24,
DROP_REQUEST,ROBOT_01,P-01,pallet,15/07/26 03:47:28,Slow Chaos
DROP_REQUEST,ROBOT_01,P-05,box,15/07/26 03:47:30,Slow Chaos
DROP_REQUEST,operator,P-06,cookie,15/07/26 03:47:32,Slow Chaos
PICKUP_COMPLETE,operator,P-02,,15/07/26 03:47:34,
PICKUP_COMPLETE,ROBOT_01,P-03,,15/07/26 03:47:36,
DROP_REQUEST,operator,P-02,cookie,15/07/26 03:47:39,Slow Chaos
DROP_COMPLETE,operator,P-06,cookie,15/07/26 03:47:41,
DROP_COMPLETE,ROBOT_01,P-05,box,15/07/26 03:47:43,
PICKUP_REQUEST,ROBOT_01,P-04,pallet,15/07/26 03:47:45,
DROP_REQUEST,operator,P-03,pallet,15/07/26 03:47:48,Slow Chaos
DROP_COMPLETE,operator,P-02,cookie,15/07/26 03:47:51,
PICKUP_REQUEST,ROBOT_01,P-06,cookie,15/07/26 03:47:53,
DROP_COMPLETE,ROBOT_01,P-01,pallet,15/07/26 03:47:56,
PICKUP_REQUEST,ROBOT_01,P-01,pallet,15/07/26 03:47:59,
PICKUP_REQUEST,ROBOT_03,P-05,box,15/07/26 03:48:01,
PICKUP_COMPLETE,ROBOT_01,P-04,,15/07/26 03:48:03,
DROP_COMPLETE,operator,P-03,pallet,15/07/26 03:48:05,
PICKUP_COMPLETE,ROBOT_03,P-05,,15/07/26 03:48:07,
PICKUP_COMPLETE,ROBOT_01,P-06,,15/07/26 03:48:12,
DROP_REQUEST,ROBOT_03,P-04,pallet,15/07/26 03:48:14,Slow Chaos
DROP_REQUEST,ROBOT_01,P-05,box,15/07/26 03:48:16,Slow Chaos
PICKUP_REQUEST,ROBOT_01,P-02,cookie,15/07/26 03:48:17,
PICKUP_COMPLETE,ROBOT_01,P-01,,15/07/26 03:48:19,
PICKUP_COMPLETE,ROBOT_01,P-02,,15/07/26 03:48:21,
DROP_REQUEST,ROBOT_03,P-02,cookie,15/07/26 03:48:21,Slow Queue
PICKUP_REQUEST,ROBOT_03,P-03,pallet,15/07/26 03:48:23,
DROP_COMPLETE,ROBOT_03,P-02,cookie,15/07/26 03:48:25,
PICKUP_REQUEST,ROBOT_03,P-02,cookie,15/07/26 03:48:28,
PICKUP_COMPLETE,ROBOT_03,P-02,,15/07/26 03:48:34,
DROP_COMPLETE,ROBOT_03,P-04,pallet,15/07/26 03:48:36,
DROP_REQUEST,ROBOT_03,P-02,cookie,15/07/26 03:48:41,Slow Chaos
PICKUP_REQUEST,operator,P-04,pallet,15/07/26 03:48:43,
PICKUP_COMPLETE,operator,P-04,,15/07/26 03:48:45,
DROP_REQUEST,operator,P-04,pallet,15/07/26 03:48:45,Slow Queue
DROP_REQUEST,ROBOT_01,P-01,pallet,15/07/26 03:48:47,Slow Chaos
DROP_COMPLETE,ROBOT_03,P-02,cookie,15/07/26 03:48:49,
DROP_COMPLETE,ROBOT_01,P-01,pallet,15/07/26 03:48:52,
PICKUP_REQUEST,ROBOT_03,P-01,pallet,15/07/26 03:48:57,
DROP_COMPLETE,ROBOT_01,P-05,box,15/07/26 03:49:00,
DROP_REQUEST,ROBOT_03,P-06,cookie,15/07/26 03:49:01,Slow Chaos
PICKUP_REQUEST,ROBOT_01,P-05,box,15/07/26 03:49:04,
DROP_COMPLETE,operator,P-04,pallet,15/07/26 03:49:06,
DROP_COMPLETE,ROBOT_03,P-06,cookie,15/07/26 03:49:08,
PICKUP_REQUEST,operator,P-02,cookie,15/07/26 03:49:10,
PICKUP_COMPLETE,ROBOT_03,P-03,,15/07/26 03:49:13,
PICKUP_REQUEST,ROBOT_01,P-06,cookie,15/07/26 03:49:15,
PICKUP_COMPLETE,operator,P-02,,15/07/26 03:49:16,
DROP_REQUEST,ROBOT_03,P-02,cookie,15/07/26 03:49:16,Slow Queue
PICKUP_COMPLETE,ROBOT_01,P-05,,15/07/26 03:49:18,
PICKUP_REQUEST,ROBOT_03,P-04,pallet,15/07/26 03:49:20,
PICKUP_COMPLETE,ROBOT_01,P-06,,15/07/26 03:49:22,
PICKUP_COMPLETE,ROBOT_03,P-01,,15/07/26 03:49:25,
DROP_REQUEST,ROBOT_01,P-06,cookie,15/07/26 03:49:27,Slow Chaos
DROP_COMPLETE,ROBOT_03,P-02,cookie,15/07/26 03:49:33,
DROP_REQUEST,operator,P-03,pallet,15/07/26 03:49:36,Slow Chaos
DROP_REQUEST,operator,P-01,pallet,15/07/26 03:49:38,Slow Chaos
PICKUP_COMPLETE,ROBOT_03,P-04,,15/07/26 03:49:41,
PICKUP_REQUEST,ROBOT_03,P-02,cookie,15/07/26 03:49:43,
PICKUP_COMPLETE,ROBOT_03,P-02,,15/07/26 03:49:45,
DROP_COMPLETE,operator,P-01,pallet,15/07/26 03:49:47,
DROP_REQUEST,ROBOT_03,P-04,pallet,15/07/26 03:49:51,Slow Chaos
DROP_COMPLETE,ROBOT_03,P-04,pallet,15/07/26 03:49:54,
DROP_REQUEST,operator,P-05,box,15/07/26 03:49:57,Slow Chaos
PICKUP_REQUEST,ROBOT_03,P-01,pallet,15/07/26 03:50:00,
DROP_COMPLETE,operator,P-05,box,15/07/26 03:50:04,
DROP_REQUEST,ROBOT_01,P-02,cookie,15/07/26 03:50:07,Slow Chaos
DROP_COMPLETE,ROBOT_01,P-02,cookie,15/07/26 03:50:09,
PICKUP_REQUEST,operator,P-04,pallet,15/07/26 03:50:11,
PICKUP_REQUEST,operator,P-05,box,15/07/26 03:50:13,
PICKUP_REQUEST,ROBOT_01,P-02,cookie,15/07/26 03:50:14,
DROP_COMPLETE,operator,P-03,pallet,15/07/26 03:50:17,
PICKUP_COMPLETE,ROBOT_03,P-01,,15/07/26 03:50:20,
PICKUP_COMPLETE,ROBOT_01,P-02,,15/07/26 03:50:21,
PICKUP_COMPLETE,operator,P-05,,15/07/26 03:50:24,
PICKUP_COMPLETE,operator,P-04,,15/07/26 03:50:25,
DROP_REQUEST,ROBOT_01,P-04,pallet,15/07/26 03:50:25,Slow Queue
DROP_COMPLETE,ROBOT_01,P-06,cookie,15/07/26 03:50:28,
DROP_REQUEST,operator,P-02,cookie,15/07/26 03:50:30,Slow Chaos
PICKUP_REQUEST,operator,P-06,cookie,15/07/26 03:50:33,
PICKUP_COMPLETE,operator,P-06,,15/07/26 03:50:35,
DROP_REQUEST,ROBOT_01,P-05,box,15/07/26 03:50:36,Slow Chaos
DROP_REQUEST,operator,P-01,pallet,15/07/26 03:50:38,Slow Chaos
DROP_COMPLETE,ROBOT_01,P-05,box,15/07/26 03:50:41,
PICKUP_REQUEST,operator,P-03,pallet,15/07/26 03:50:43,
DROP_COMPLETE,operator,P-01,pallet,15/07/26 03:50:47,
PICKUP_COMPLETE,operator,P-03,,15/07/26 03:50:50,
PICKUP_REQUEST,ROBOT_01,P-01,pallet,15/07/26 03:50:52,
DROP_REQUEST,ROBOT_03,P-06,cookie,15/07/26 03:50:54,Slow Chaos
DROP_COMPLETE,operator,P-02,cookie,15/07/26 03:50:57,
DROP_COMPLETE,ROBOT_03,P-06,cookie,15/07/26 03:50:59,
PICKUP_REQUEST,operator,P-02,cookie,15/07/26 03:51:01,
PICKUP_REQUEST,operator,P-05,box,15/07/26 03:51:03,
PICKUP_COMPLETE,operator,P-05,,15/07/26 03:51:05,
DROP_COMPLETE,ROBOT_01,P-04,pallet,15/07/26 03:51:10,
PICKUP_REQUEST,ROBOT_01,P-04,pallet,15/07/26 03:51:12,
PICKUP_COMPLETE,ROBOT_01,P-01,,15/07/26 03:51:14,
PICKUP_COMPLETE,operator,P-02,,15/07/26 03:51:17,
DROP_REQUEST,ROBOT_01,P-01,pallet,15/07/26 03:51:21,Slow Chaos
DROP_COMPLETE,ROBOT_01,P-01,pallet,15/07/26 03:51:24,
PICKUP_COMPLETE,ROBOT_01,P-04,,15/07/26 03:51:26,
PICKUP_REQUEST,operator,P-01,pallet,15/07/26 03:51:29,
PICKUP_REQUEST,operator,P-06,cookie,15/07/26 03:51:34,
PICKUP_COMPLETE,operator,P-01,,15/07/26 03:51:36,
DROP_REQUEST,operator,P-02,cookie,15/07/26 03:51:40,Slow Chaos
DROP_REQUEST,ROBOT_01,P-04,pallet,15/07/26 03:51:42,Slow Chaos
DROP_COMPLETE,ROBOT_01,P-04,pallet,15/07/26 03:51:47,
PICKUP_REQUEST,ROBOT_03,P-04,pallet,15/07/26 03:51:51,
DROP_COMPLETE,operator,P-02,cookie,15/07/26 03:51:53,
PICKUP_REQUEST,ROBOT_01,P-02,cookie,15/07/26 03:51:55,
DROP_REQUEST,ROBOT_01,P-03,pallet,15/07/26 03:51:57,Slow Chaos
PICKUP_COMPLETE,ROBOT_01,P-02,,15/07/26 03:51:59,
DROP_COMPLETE,ROBOT_01,P-03,pallet,15/07/26 03:52:02,
DROP_REQUEST,operator,P-02,cookie,15/07/26 03:52:05,Slow Chaos
PICKUP_COMPLETE,ROBOT_03,P-04,,15/07/26 03:52:08,
DROP_REQUEST,ROBOT_01,P-04,pallet,15/07/26 03:52:12,Slow Chaos
PICKUP_REQUEST,operator,P-03,pallet,15/07/26 03:52:15,
DROP_REQUEST,ROBOT_01,P-01,pallet,15/07/26 03:52:17,Slow Chaos
DROP_COMPLETE,ROBOT_01,P-04,pallet,15/07/26 03:52:19,
PICKUP_REQUEST,ROBOT_01,P-04,pallet,15/07/26 03:52:22,
PICKUP_COMPLETE,ROBOT_01,P-04,,15/07/26 03:52:24,
DROP_COMPLETE,operator,P-02,cookie,15/07/26 03:52:26,
DROP_COMPLETE,ROBOT_01,P-01,pallet,15/07/26 03:52:27,
PICKUP_COMPLETE,operator,P-06,,15/07/26 03:52:30,
DROP_REQUEST,ROBOT_03,P-06,cookie,15/07/26 03:52:30,Slow Queue
PICKUP_COMPLETE,operator,P-03,,15/07/26 03:52:35,
PICKUP_REQUEST,ROBOT_01,P-01,pallet,15/07/26 03:52:37,
DROP_REQUEST,operator,P-05,box,15/07/26 03:52:40,Slow Chaos
PICKUP_REQUEST,operator,P-02,cookie,15/07/26 03:52:43,
DROP_REQUEST,operator,P-04,pallet,15/07/26 03:52:44,Slow Chaos
DROP_COMPLETE,ROBOT_03,P-06,cookie,15/07/26 03:52:48,
DROP_COMPLETE,operator,P-04,pallet,15/07/26 03:52:50,
DROP_REQUEST,ROBOT_03,P-03,pallet,15/07/26 03:52:52,Slow Chaos
PICKUP_COMPLETE,operator,P-02,,15/07/26 03:52:55,
PICKUP_COMPLETE,ROBOT_01,P-01,,15/07/26 03:52:59,
DROP_COMPLETE,ROBOT_03,P-03,pallet,15/07/26 03:53:01,
DROP_REQUEST,ROBOT_01,P-01,pallet,15/07/26 03:53:04,Slow Chaos
PICKUP_REQUEST,ROBOT_03,P-04,pallet,15/07/26 03:53:06,
PICKUP_COMPLETE,ROBOT_03,P-04,,15/07/26 03:53:08,
DROP_COMPLETE,operator,P-05,box,15/07/26 03:53:12,
PICKUP_REQUEST,ROBOT_01,P-05,box,15/07/26 03:53:13,
PICKUP_REQUEST,ROBOT_01,P-03,pallet,15/07/26 03:53:16,
DROP_COMPLETE,ROBOT_01,P-01,pallet,15/07/26 03:53:18,
PICKUP_COMPLETE,ROBOT_01,P-03,,15/07/26 03:53:20,
DROP_REQUEST,operator,P-04,pallet,15/07/26 03:53:22,Slow Chaos
DROP_REQUEST,ROBOT_03,P-03,pallet,15/07/26 03:53:27,Slow Chaos
DROP_REQUEST,ROBOT_01,P-02,cookie,15/07/26 03:53:29,Slow Chaos
PICKUP_COMPLETE,ROBOT_01,P-05,,15/07/26 03:53:31,
PICKUP_REQUEST,operator,P-06,cookie,15/07/26 03:53:34,
DROP_COMPLETE,ROBOT_01,P-02,cookie,15/07/26 03:53:36,
DROP_COMPLETE,ROBOT_03,P-03,pallet,15/07/26 03:53:38,
PICKUP_REQUEST,ROBOT_03,P-02,cookie,15/07/26 03:53:39,
DROP_REQUEST,operator,P-05,box,15/07/26 03:53:45,Slow Chaos
PICKUP_REQUEST,operator,P-01,pallet,15/07/26 03:53:48,
PICKUP_COMPLETE,operator,P-01,,15/07/26 03:53:49,
DROP_REQUEST,ROBOT_01,P-01,pallet,15/07/26 03:53:51,Slow Chaos
DROP_COMPLETE,operator,P-05,box,15/07/26 03:53:53,
PICKUP_REQUEST,operator,P-03,pallet,15/07/26 03:53:55,
PICKUP_REQUEST,ROBOT_03,P-05,box,15/07/26 03:53:57,
DROP_COMPLETE,ROBOT_01,P-01,pallet,15/07/26 03:54:00,
PICKUP_COMPLETE,ROBOT_03,P-05,,15/07/26 03:54:02,
PICKUP_COMPLETE,operator,P-06,,15/07/26 03:54:04,
DROP_REQUEST,operator,P-06,cookie,15/07/26 03:54:04,Slow Queue
PICKUP_REQUEST,ROBOT_01,P-01,pallet,15/07/26 03:54:07,
DROP_COMPLETE,operator,P-04,pallet,15/07/26 03:54:10,
DROP_COMPLETE,operator,P-06,cookie,15/07/26 03:54:12,
PICKUP_COMPLETE,operator,P-03,,15/07/26 03:54:15,
DROP_REQUEST,operator,P-03,pallet,15/07/26 03:54:15,Slow Queue
PICKUP_COMPLETE,ROBOT_01,P-01,,15/07/26 03:54:16,
DROP_REQUEST,ROBOT_01,P-01,pallet,15/07/26 03:54:18,Slow Chaos
PICKUP_COMPLETE,ROBOT_03,P-02,,15/07/26 03:54:23,
PICKUP_REQUEST,ROBOT_01,P-04,pallet,15/07/26 03:54:25,
DROP_REQUEST,operator,P-05,box,15/07/26 03:54:28,Slow Chaos
PICKUP_REQUEST,ROBOT_01,P-06,cookie,15/07/26 03:54:31,
DROP_COMPLETE,operator,P-05,box,15/07/26 03:54:33,
PICKUP_COMPLETE,ROBOT_01,P-06,,15/07/26 03:54:37,
DROP_REQUEST,operator,P-06,cookie,15/07/26 03:54:37,Slow Queue
DROP_COMPLETE,operator,P-03,pallet,15/07/26 03:54:40,
DROP_REQUEST,ROBOT_03,P-02,cookie,15/07/26 03:54:43,Slow Chaos
PICKUP_COMPLETE,ROBOT_01,P-04,,15/07/26 03:54:45,
DROP_REQUEST,operator,P-04,pallet,15/07/26 03:54:49,Slow Chaos
PICKUP_REQUEST,ROBOT_03,P-03,pallet,15/07/26 03:54:52,
PICKUP_COMPLETE,ROBOT_03,P-03,,15/07/26 03:54:55,
DROP_COMPLETE,operator,P-04,pallet,15/07/26 03:54:59,
DROP_COMPLETE,ROBOT_01,P-01,pallet,15/07/26 03:55:02,
PICKUP_REQUEST,ROBOT_03,P-04,pallet,15/07/26 03:55:04,
PICKUP_COMPLETE,ROBOT_03,P-04,,15/07/26 03:55:07,
DROP_COMPLETE,ROBOT_03,P-02,cookie,15/07/26 03:55:16,
PICKUP_REQUEST,operator,P-01,pallet,15/07/26 03:55:18,
PICKUP_REQUEST,ROBOT_03,P-02,cookie,15/07/26 03:55:20,
PICKUP_COMPLETE,operator,P-01,,15/07/26 03:55:22,
PICKUP_COMPLETE,ROBOT_03,P-02,,15/07/26 03:55:24,
DROP_COMPLETE,operator,P-06,cookie,15/07/26 03:55:27,
DROP_REQUEST,operator,P-04,pallet,15/07/26 03:55:29,Slow Chaos
DROP_REQUEST,ROBOT_01,P-03,pallet,15/07/26 03:55:35,Slow Chaos
DROP_COMPLETE,operator,P-04,pallet,15/07/26 03:55:36,
PICKUP_REQUEST,ROBOT_01,P-06,cookie,15/07/26 03:55:41,
PICKUP_REQUEST,ROBOT_03,P-05,box,15/07/26 03:55:46,
DROP_COMPLETE,ROBOT_01,P-03,pallet,15/07/26 03:55:48,
PICKUP_COMPLETE,ROBOT_03,P-05,,15/07/26 03:55:51,
DROP_REQUEST,ROBOT_01,P-05,box,15/07/26 03:55:51,Slow Queue
PICKUP_COMPLETE,ROBOT_01,P-06,,15/07/26 03:55:54,
PICKUP_REQUEST,ROBOT_01,P-04,pallet,15/07/26 03:55:55,
DROP_REQUEST,ROBOT_01,P-06,cookie,15/07/26 03:55:57,Slow Chaos
PICKUP_COMPLETE,ROBOT_01,P-04,,15/07/26 03:55:59,
DROP_REQUEST,operator,P-04,pallet,15/07/26 03:55:59,Slow Queue
DROP_REQUEST,ROBOT_01,P-02,cookie,15/07/26 03:56:01,Slow Chaos
DROP_COMPLETE,operator,P-04,pallet,15/07/26 03:56:04,
DROP_REQUEST,operator,P-01,pallet,15/07/26 03:56:06,Slow Chaos
DROP_COMPLETE,operator,P-01,pallet,15/07/26 03:56:08,
PICKUP_REQUEST,ROBOT_03,P-03,pallet,15/07/26 03:56:11,
DROP_COMPLETE,ROBOT_01,P-05,box,15/07/26 03:56:13,
PICKUP_REQUEST,ROBOT_01,P-04,pallet,15/07/26 03:56:15,
PICKUP_COMPLETE,ROBOT_01,P-04,,15/07/26 03:56:18,
DROP_COMPLETE,ROBOT_01,P-02,cookie,15/07/26 03:56:23,
PICKUP_COMPLETE,ROBOT_03,P-03,,15/07/26 03:56:25,
PICKUP_REQUEST,ROBOT_01,P-01,pallet,15/07/26 03:56:28,
PICKUP_REQUEST,operator,P-02,cookie,15/07/26 03:56:30,
DROP_COMPLETE,ROBOT_01,P-06,cookie,15/07/26 03:56:33,
PICKUP_COMPLETE,operator,P-02,,15/07/26 03:56:36,
PICKUP_REQUEST,ROBOT_03,P-06,cookie,15/07/26 03:56:37,
DROP_REQUEST,ROBOT_03,P-03,pallet,15/07/26 03:56:40,Slow Chaos
PICKUP_COMPLETE,ROBOT_01,P-01,,15/07/26 03:56:43,
DROP_REQUEST,ROBOT_03,P-04,pallet,15/07/26 03:56:47,Slow Chaos
DROP_REQUEST,ROBOT_03,P-01,pallet,15/07/26 03:56:49,Slow Chaos
DROP_COMPLETE,ROBOT_03,P-04,pallet,15/07/26 03:56:52,
PICKUP_COMPLETE,ROBOT_03,P-06,,15/07/26 03:56:56,
DROP_REQUEST,ROBOT_01,P-06,cookie,15/07/26 03:57:01,Slow Chaos
DROP_COMPLETE,ROBOT_01,P-06,cookie,15/07/26 03:57:03,
PICKUP_REQUEST,operator,P-05,box,15/07/26 03:57:05,
PICKUP_REQUEST,ROBOT_01,P-06,cookie,15/07/26 03:57:07,
PICKUP_COMPLETE,ROBOT_01,P-06,,15/07/26 03:57:09,
PICKUP_REQUEST,operator,P-04,pallet,15/07/26 03:57:11,
PICKUP_COMPLETE,operator,P-04,,15/07/26 03:57:14,
DROP_REQUEST,ROBOT_03,P-04,pallet,15/07/26 03:57:17,Slow Chaos
PICKUP_COMPLETE,operator,P-05,,15/07/26 03:57:19,
DROP_REQUEST,operator,P-05,box,15/07/26 03:57:19,Slow Queue
DROP_COMPLETE,operator,P-05,box,15/07/26 03:57:21,
DROP_COMPLETE,ROBOT_03,P-01,pallet,15/07/26 03:57:26,
DROP_REQUEST,ROBOT_01,P-06,cookie,15/07/26 03:57:28,Slow Chaos
DROP_COMPLETE,ROBOT_03,P-03,pallet,15/07/26 03:57:35,
DROP_COMPLETE,ROBOT_03,P-04,pallet,15/07/26 03:57:38,
PICKUP_REQUEST,ROBOT_01,P-05,box,15/07/26 03:57:40,
PICKUP_COMPLETE,ROBOT_01,P-05,,15/07/26 03:57:43,
PICKUP_REQUEST,ROBOT_03,P-01,pallet,15/07/26 03:57:44,
PICKUP_COMPLETE,ROBOT_03,P-01,,15/07/26 03:57:47,
DROP_COMPLETE,ROBOT_01,P-06,cookie,15/07/26 03:57:49,
PICKUP_REQUEST,ROBOT_01,P-03,pallet,15/07/26 03:57:51,
PICKUP_REQUEST,ROBOT_03,P-06,cookie,15/07/26 03:57:52,
PICKUP_COMPLETE,ROBOT_01,P-03,,15/07/26 03:57:55,
PICKUP_COMPLETE,ROBOT_03,P-06,,15/07/26 03:57:55,
DROP_REQUEST,operator,P-01,pallet,15/07/26 03:57:55,Slow Chaos
DROP_REQUEST,operator,P-03,pallet,15/07/26 03:57:58,Slow Chaos
DROP_COMPLETE,operator,P-03,pallet,15/07/26 03:58:00,
DROP_REQUEST,ROBOT_01,P-02,cookie,15/07/26 03:58:03,Slow Chaos
DROP_REQUEST,operator,P-06,cookie,15/07/26 03:58:06,Slow Chaos
PICKUP_REQUEST,ROBOT_03,P-04,pallet,15/07/26 03:58:11,
PICKUP_COMPLETE,ROBOT_03,P-04,,15/07/26 03:58:11,
DROP_REQUEST,ROBOT_03,P-04,pallet,15/07/26 03:58:11,Slow Queue
DROP_COMPLETE,ROBOT_03,P-04,pallet,15/07/26 03:58:16,
DROP_COMPLETE,operator,P-06,cookie,15/07/26 03:58:18,
PICKUP_REQUEST,ROBOT_03,P-03,pallet,15/07/26 03:58:23,
PICKUP_COMPLETE,ROBOT_03,P-03,,15/07/26 03:58:23,
DROP_COMPLETE,ROBOT_01,P-02,cookie,15/07/26 03:58:25,
PICKUP_REQUEST,ROBOT_01,P-04,pallet,15/07/26 03:58:28,
PICKUP_REQUEST,operator,P-06,cookie,15/07/26 03:58:31,
DROP_REQUEST,ROBOT_03,P-03,pallet,15/07/26 03:58:33,Slow Chaos
DROP_REQUEST,ROBOT_01,P-05,box,15/07/26 03:58:36,Slow Chaos
DROP_COMPLETE,ROBOT_03,P-03,pallet,15/07/26 03:58:37,
PICKUP_COMPLETE,ROBOT_01,P-04,,15/07/26 03:58:40,
DROP_REQUEST,ROBOT_03,P-04,pallet,15/07/26 03:58:40,Slow Queue
PICKUP_COMPLETE,operator,P-06,,15/07/26 03:58:46,
DROP_COMPLETE,ROBOT_01,P-05,box,15/07/26 03:58:48,
PICKUP_REQUEST,ROBOT_03,P-05,box,15/07/26 03:58:50,
DROP_COMPLETE,operator,P-01,pallet,15/07/26 03:58:54,
PICKUP_REQUEST,operator,P-02,cookie,15/07/26 03:58:56,
PICKUP_COMPLETE,operator,P-02,,15/07/26 03:58:59,
DROP_REQUEST,operator,P-02,cookie,15/07/26 03:58:59,Slow Queue
PICKUP_COMPLETE,ROBOT_03,P-05,,15/07/26 03:59:01,
DROP_COMPLETE,operator,P-02,cookie,15/07/26 03:59:03,
PICKUP_REQUEST,ROBOT_01,P-03,pallet,15/07/26 03:59:05,
PICKUP_COMPLETE,ROBOT_01,P-03,,15/07/26 03:59:08,
DROP_REQUEST,ROBOT_01,P-05,box,15/07/26 03:59:11,Slow Chaos
PICKUP_REQUEST,ROBOT_01,P-02,cookie,15/07/26 03:59:13,
PICKUP_COMPLETE,ROBOT_01,P-02,,15/07/26 03:59:15,
DROP_COMPLETE,ROBOT_03,P-04,pallet,15/07/26 03:59:21,
DROP_REQUEST,ROBOT_03,P-02,cookie,15/07/26 03:59:22,Slow Chaos
PICKUP_REQUEST,ROBOT_01,P-01,pallet,15/07/26 03:59:25,
PICKUP_REQUEST,ROBOT_03,P-04,pallet,15/07/26 03:59:30,
DROP_COMPLETE,ROBOT_01,P-05,box,15/07/26 03:59:33,
DROP_REQUEST,ROBOT_03,P-03,pallet,15/07/26 03:59:34,Slow Chaos
PICKUP_COMPLETE,ROBOT_03,P-04,,15/07/26 03:59:37,
DROP_REQUEST,ROBOT_01,P-06,cookie,15/07/26 03:59:39,Slow Chaos
PICKUP_REQUEST,ROBOT_03,P-05,box,15/07/26 03:59:40,
DROP_COMPLETE,ROBOT_03,P-03,pallet,15/07/26 03:59:43,
DROP_COMPLETE,ROBOT_01,P-06,cookie,15/07/26 03:59:45,
PICKUP_COMPLETE,ROBOT_03,P-05,,15/07/26 03:59:47,
DROP_COMPLETE,ROBOT_03,P-02,cookie,15/07/26 03:59:49,
PICKUP_REQUEST,ROBOT_03,P-06,cookie,15/07/26 03:59:51,
PICKUP_REQUEST,ROBOT_01,P-03,pallet,15/07/26 03:59:56,
PICKUP_REQUEST,operator,P-02,cookie,15/07/26 03:59:59,
PICKUP_COMPLETE,ROBOT_01,P-03,,15/07/26 04:00:01,
PICKUP_COMPLETE,ROBOT_01,P-01,,15/07/26 04:00:04,
DROP_REQUEST,operator,P-05,box,15/07/26 04:00:07,Slow Chaos
DROP_REQUEST,ROBOT_01,P-03,pallet,15/07/26 04:00:09,Slow Chaos
PICKUP_COMPLETE,operator,P-02,,15/07/26 04:00:12,
PICKUP_COMPLETE,ROBOT_03,P-06,,15/07/26 04:00:15,
DROP_COMPLETE,ROBOT_01,P-03,pallet,15/07/26 04:00:16,
DROP_REQUEST,operator,P-01,pallet,15/07/26 04:00:20,Slow Chaos
DROP_COMPLETE,operator,P-01,pallet,15/07/26 04:00:23,
DROP_REQUEST,ROBOT_03,P-02,cookie,15/07/26 04:00:26,Slow Chaos
DROP_REQUEST,operator,P-04,pallet,15/07/26 04:00:31,Slow Chaos
DROP_COMPLETE,operator,P-04,pallet,15/07/26 04:00:34,
PICKUP_REQUEST,ROBOT_01,P-03,pallet,15/07/26 04:00:36,
DROP_COMPLETE,operator,P-05,box,15/07/26 04:00:41,
PICKUP_REQUEST,operator,P-05,box,15/07/26 04:00:42,
PICKUP_REQUEST,ROBOT_01,P-01,pallet,15/07/26 04:00:45,
PICKUP_COMPLETE,operator,P-05,,15/07/26 04:00:47,
PICKUP_COMPLETE,ROBOT_01,P-01,,15/07/26 04:00:49,
DROP_REQUEST,ROBOT_01,P-05,box,15/07/26 04:00:53,Slow Chaos
PICKUP_REQUEST,ROBOT_01,P-04,pallet,15/07/26 04:00:56,
DROP_REQUEST,ROBOT_01,P-06,cookie,15/07/26 04:01:01,Slow Chaos
PICKUP_COMPLETE,ROBOT_01,P-04,,15/07/26 04:01:04,
DROP_COMPLETE,ROBOT_01,P-05,box,15/07/26 04:01:06,
DROP_COMPLETE,ROBOT_03,P-02,cookie,15/07/26 04:01:08,
DROP_REQUEST,ROBOT_01,P-01,pallet,15/07/26 04:01:12,Slow Chaos
DROP_COMPLETE,ROBOT_01,P-06,cookie,15/07/26 04:01:14,
PICKUP_COMPLETE,ROBOT_01,P-03,,15/07/26 04:01:16,
DROP_REQUEST,operator,P-03,pallet,15/07/26 04:01:16,Slow Queue
PICKUP_REQUEST,ROBOT_01,P-05,box,15/07/26 04:01:19,
PICKUP_COMPLETE,ROBOT_01,P-05,,15/07/26 04:01:22,
DROP_COMPLETE,ROBOT_01,P-01,pallet,15/07/26 04:01:23,
DROP_COMPLETE,operator,P-03,pallet,15/07/26 04:01:25,
DROP_REQUEST,ROBOT_01,P-05,box,15/07/26 04:01:27,Slow Chaos
PICKUP_REQUEST,operator,P-02,cookie,15/07/26 04:01:31,
PICKUP_COMPLETE,operator,P-02,,15/07/26 04:01:35,
PICKUP_REQUEST,operator,P-01,pallet,15/07/26 04:01:39,
PICKUP_REQUEST,ROBOT_01,P-06,cookie,15/07/26 04:01:42,
PICKUP_COMPLETE,ROBOT_01,P-06,,15/07/26 04:01:44,
DROP_REQUEST,ROBOT_03,P-06,cookie,15/07/26 04:01:44,Slow Queue
DROP_COMPLETE,ROBOT_03,P-06,cookie,15/07/26 04:01:47,
DROP_COMPLETE,ROBOT_01,P-05,box,15/07/26 04:01:49,
DROP_REQUEST,ROBOT_01,P-02,cookie,15/07/26 04:01:52,Slow Chaos
PICKUP_REQUEST,ROBOT_03,P-06,cookie,15/07/26 04:01:55,
PICKUP_COMPLETE,ROBOT_03,P-06,,15/07/26 04:01:58,
DROP_REQUEST,operator,P-06,cookie,15/07/26 04:01:58,Slow Queue
PICKUP_COMPLETE,operator,P-01,,15/07/26 04:02:01,
PICKUP_REQUEST,ROBOT_03,P-05,box,15/07/26 04:02:02,
DROP_COMPLETE,ROBOT_01,P-02,cookie,15/07/26 04:02:04,
PICKUP_REQUEST,operator,P-02,cookie,15/07/26 04:02:06,
PICKUP_COMPLETE,operator,P-02,,15/07/26 04:02:08,
PICKUP_COMPLETE,ROBOT_03,P-05,,15/07/26 04:02:10,
DROP_REQUEST,ROBOT_01,P-05,box,15/07/26 04:02:15,Slow Chaos
PICKUP_REQUEST,ROBOT_03,P-03,pallet,15/07/26 04:02:23,
DROP_REQUEST,operator,P-04,pallet,15/07/26 04:02:24,Slow Chaos
DROP_COMPLETE,operator,P-04,pallet,15/07/26 04:02:27,
DROP_COMPLETE,operator,P-06,cookie,15/07/26 04:02:29,
PICKUP_REQUEST,ROBOT_03,P-06,cookie,15/07/26 04:02:31,
DROP_COMPLETE,ROBOT_01,P-05,box,15/07/26 04:02:33,
PICKUP_COMPLETE,ROBOT_03,P-03,,15/07/26 04:02:35,
PICKUP_REQUEST,ROBOT_01,P-04,pallet,15/07/26 04:02:41,
DROP_REQUEST,ROBOT_03,P-03,pallet,15/07/26 04:02:42,Slow Chaos
PICKUP_COMPLETE,ROBOT_01,P-04,,15/07/26 04:02:45,
DROP_REQUEST,ROBOT_03,P-01,pallet,15/07/26 04:02:48,Slow Chaos
PICKUP_REQUEST,operator,P-05,box,15/07/26 04:02:49,
PICKUP_COMPLETE,ROBOT_03,P-06,,15/07/26 04:02:52,
PICKUP_COMPLETE,operator,P-05,,15/07/26 04:02:54,
DROP_REQUEST,operator,P-02,cookie,15/07/26 04:02:56,Slow Chaos
DROP_COMPLETE,operator,P-02,cookie,15/07/26 04:02:58,
DROP_REQUEST,ROBOT_03,P-04,pallet,15/07/26 04:03:01,Slow Chaos
DROP_COMPLETE,ROBOT_03,P-04,pallet,15/07/26 04:03:05,
DROP_REQUEST,ROBOT_01,P-05,box,15/07/26 04:03:07,Slow Chaos
DROP_COMPLETE,ROBOT_03,P-01,pallet,15/07/26 04:03:09,
DROP_COMPLETE,ROBOT_03,P-03,pallet,15/07/26 04:03:11,
PICKUP_REQUEST,operator,P-02,cookie,15/07/26 04:03:14,
PICKUP_COMPLETE,operator,P-02,,15/07/26 04:03:16,
PICKUP_REQUEST,ROBOT_03,P-04,pallet,15/07/26 04:03:20,
DROP_REQUEST,operator,P-06,cookie,15/07/26 04:03:22,Slow Chaos
PICKUP_REQUEST,operator,P-01,pallet,15/07/26 04:03:25,
DROP_REQUEST,operator,P-02,cookie,15/07/26 04:03:27,Slow Chaos
DROP_COMPLETE,operator,P-06,cookie,15/07/26 04:03:29,
PICKUP_COMPLETE,operator,P-01,,15/07/26 04:03:32,
DROP_REQUEST,ROBOT_01,P-01,pallet,15/07/26 04:03:32,Slow Queue
DROP_COMPLETE,ROBOT_01,P-01,pallet,15/07/26 04:03:34,
DROP_COMPLETE,operator,P-02,cookie,15/07/26 04:03:36,
PICKUP_REQUEST,ROBOT_01,P-06,cookie,15/07/26 04:03:38,
PICKUP_COMPLETE,ROBOT_01,P-06,,15/07/26 04:03:40,
PICKUP_REQUEST,ROBOT_03,P-03,pallet,15/07/26 04:03:42,
PICKUP_COMPLETE,ROBOT_03,P-04,,15/07/26 04:03:44,
PICKUP_COMPLETE,ROBOT_03,P-03,,15/07/26 04:03:46,
PICKUP_REQUEST,ROBOT_03,P-02,cookie,15/07/26 04:03:48,
DROP_COMPLETE,ROBOT_01,P-05,box,15/07/26 04:03:51,
PICKUP_COMPLETE,ROBOT_03,P-02,,15/07/26 04:03:53,
DROP_REQUEST,operator,P-03,pallet,15/07/26 04:03:55,Slow Chaos
DROP_REQUEST,ROBOT_03,P-04,pallet,15/07/26 04:03:57,Slow Chaos
PICKUP_REQUEST,ROBOT_03,P-05,box,15/07/26 04:04:00,
PICKUP_REQUEST,ROBOT_03,P-01,pallet,15/07/26 04:04:03,
DROP_REQUEST,ROBOT_01,P-06,cookie,15/07/26 04:04:05,Slow Chaos
PICKUP_COMPLETE,ROBOT_03,P-05,,15/07/26 04:04:09,
DROP_COMPLETE,ROBOT_01,P-06,cookie,15/07/26 04:04:11,
PICKUP_REQUEST,operator,P-06,cookie,15/07/26 04:04:14,
DROP_COMPLETE,ROBOT_03,P-04,pallet,15/07/26 04:04:17,
DROP_COMPLETE,operator,P-03,pallet,15/07/26 04:04:20,
DROP_REQUEST,ROBOT_03,P-05,box,15/07/26 04:04:21,Slow Chaos
PICKUP_REQUEST,operator,P-04,pallet,15/07/26 04:04:24,
DROP_REQUEST,ROBOT_03,P-02,cookie,15/07/26 04:04:26,Slow Chaos
PICKUP_COMPLETE,operator,P-04,,15/07/26 04:04:29,
PICKUP_COMPLETE,ROBOT_03,P-01,,15/07/26 04:04:31,
DROP_COMPLETE,ROBOT_03,P-05,box,15/07/26 04:04:33,
DROP_REQUEST,ROBOT_01,P-04,pallet,15/07/26 04:04:35,Slow Chaos
DROP_REQUEST,ROBOT_01,P-01,pallet,15/07/26 04:04:37,Slow Chaos
PICKUP_COMPLETE,operator,P-06,,15/07/26 04:04:39,
DROP_COMPLETE,ROBOT_01,P-04,pallet,15/07/26 04:04:42,
DROP_COMPLETE,ROBOT_03,P-02,cookie,15/07/26 04:04:44,
DROP_COMPLETE,ROBOT_01,P-01,pallet,15/07/26 04:04:47,
DROP_REQUEST,ROBOT_01,P-06,cookie,15/07/26 04:04:49,Slow Chaos
PICKUP_REQUEST,ROBOT_01,P-03,pallet,15/07/26 04:04:52,
PICKUP_REQUEST,operator,P-04,pallet,15/07/26 04:04:54,
PICKUP_REQUEST,ROBOT_01,P-01,pallet,15/07/26 04:04:56,
PICKUP_COMPLETE,operator,P-04,,15/07/26 04:04:58,
DROP_REQUEST,ROBOT_01,P-04,pallet,15/07/26 04:05:00,Slow Chaos
DROP_COMPLETE,ROBOT_01,P-04,pallet,15/07/26 04:05:01,
PICKUP_COMPLETE,ROBOT_01,P-01,,15/07/26 04:05:03,
PICKUP_REQUEST,ROBOT_01,P-05,box,15/07/26 04:05:05,
PICKUP_COMPLETE,ROBOT_01,P-03,,15/07/26 04:05:07,
PICKUP_COMPLETE,ROBOT_01,P-05,,15/07/26 04:05:10,
DROP_REQUEST,operator,P-03,pallet,15/07/26 04:05:15,Slow Chaos
DROP_REQUEST,ROBOT_01,P-05,box,15/07/26 04:05:18,Slow Chaos
PICKUP_REQUEST,ROBOT_01,P-02,cookie,15/07/26 04:05:21,
DROP_COMPLETE,ROBOT_01,P-06,cookie,15/07/26 04:05:23,
DROP_COMPLETE,operator,P-03,pallet,15/07/26 04:05:25,
PICKUP_REQUEST,operator,P-06,cookie,15/07/26 04:05:28,
PICKUP_COMPLETE,ROBOT_01,P-02,,15/07/26 04:05:30,
DROP_COMPLETE,ROBOT_01,P-05,box,15/07/26 04:05:37,
PICKUP_REQUEST,operator,P-04,pallet,15/07/26 04:05:39,
PICKUP_COMPLETE,operator,P-06,,15/07/26 04:05:41,
DROP_REQUEST,ROBOT_01,P-02,cookie,15/07/26 04:05:44,Slow Chaos
PICKUP_COMPLETE,operator,P-04,,15/07/26 04:05:46,
DROP_REQUEST,ROBOT_03,P-04,pallet,15/07/26 04:05:46,Slow Queue
DROP_COMPLETE,ROBOT_03,P-04,pallet,15/07/26 04:05:49,
DROP_REQUEST,ROBOT_03,P-06,cookie,15/07/26 04:05:51,Slow Chaos
PICKUP_REQUEST,operator,P-05,box,15/07/26 04:05:53,
DROP_COMPLETE,ROBOT_03,P-06,cookie,15/07/26 04:05:56,
PICKUP_REQUEST,operator,P-03,pallet,15/07/26 04:05:57,
DROP_COMPLETE,ROBOT_01,P-02,cookie,15/07/26 04:06:01,
PICKUP_COMPLETE,operator,P-03,,15/07/26 04:06:04,
DROP_REQUEST,ROBOT_03,P-03,pallet,15/07/26 04:06:04,Slow Queue
PICKUP_REQUEST,operator,P-06,cookie,15/07/26 04:06:05,
PICKUP_COMPLETE,operator,P-06,,15/07/26 04:06:07,
PICKUP_COMPLETE,operator,P-05,,15/07/26 04:06:11,
DROP_REQUEST,operator,P-06,cookie,15/07/26 04:06:14,Slow Chaos
DROP_COMPLETE,ROBOT_03,P-03,pallet,15/07/26 04:06:17,
DROP_REQUEST,ROBOT_01,P-05,box,15/07/26 04:06:20,Slow Chaos
PICKUP_REQUEST,ROBOT_01,P-04,pallet,15/07/26 04:06:21,
DROP_REQUEST,ROBOT_03,P-01,pallet,15/07/26 04:06:23,Slow Chaos
PICKUP_REQUEST,operator,P-03,pallet,15/07/26 04:06:26,
PICKUP_REQUEST,ROBOT_03,P-02,cookie,15/07/26 04:06:31,
DROP_COMPLETE,ROBOT_03,P-01,pallet,15/07/26 04:06:33,
PICKUP_COMPLETE,ROBOT_01,P-04,,15/07/26 04:06:35,
DROP_COMPLETE,ROBOT_01,P-05,box,15/07/26 04:06:39,
DROP_COMPLETE,operator,P-06,cookie,15/07/26 04:06:45,
DROP_REQUEST,operator,P-04,pallet,15/07/26 04:06:47,Slow Chaos
PICKUP_COMPLETE,ROBOT_03,P-02,,15/07/26 04:06:48,
PICKUP_REQUEST,ROBOT_03,P-01,pallet,15/07/26 04:06:50,
DROP_REQUEST,operator,P-02,cookie,15/07/26 04:06:52,Slow Chaos
DROP_COMPLETE,operator,P-02,cookie,15/07/26 04:06:54,
PICKUP_REQUEST,ROBOT_03,P-06,cookie,15/07/26 04:06:56,
PICKUP_COMPLETE,operator,P-03,,15/07/26 04:06:59,
PICKUP_REQUEST,operator,P-05,box,15/07/26 04:07:00,
PICKUP_COMPLETE,ROBOT_03,P-06,,15/07/26 04:07:03,
DROP_COMPLETE,operator,P-04,pallet,15/07/26 04:07:05,
PICKUP_REQUEST,operator,P-02,cookie,15/07/26 04:07:08,
DROP_REQUEST,ROBOT_03,P-06,cookie,15/07/26 04:07:10,Slow Chaos
PICKUP_COMPLETE,operator,P-02,,15/07/26 04:07:12,
PICKUP_REQUEST,ROBOT_03,P-04,pallet,15/07/26 04:07:15,
PICKUP_COMPLETE,operator,P-05,,15/07/26 04:07:17,
DROP_REQUEST,ROBOT_01,P-02,cookie,15/07/26 04:07:19,Slow Chaos
DROP_REQUEST,ROBOT_03,P-05,box,15/07/26 04:07:21,Slow Chaos
DROP_REQUEST,ROBOT_03,P-03,pallet,15/07/26 04:07:24,Slow Chaos
PICKUP_COMPLETE,ROBOT_03,P-01,,15/07/26 04:07:26,
DROP_COMPLETE,ROBOT_03,P-05,box,15/07/26 04:07:28,
DROP_COMPLETE,ROBOT_01,P-02,cookie,15/07/26 04:07:30,
PICKUP_REQUEST,ROBOT_01,P-05,box,15/07/26 04:07:35,
PICKUP_COMPLETE,ROBOT_01,P-05,,15/07/26 04:07:38,
PICKUP_COMPLETE,ROBOT_03,P-04,,15/07/26 04:07:40,
DROP_COMPLETE,ROBOT_03,P-03,pallet,15/07/26 04:07:43,
DROP_REQUEST,operator,P-05,box,15/07/26 04:07:47,Slow Chaos
DROP_COMPLETE,ROBOT_03,P-06,cookie,15/07/26 04:07:50,
DROP_REQUEST,ROBOT_03,P-04,pallet,15/07/26 04:07:52,Slow Chaos
DROP_COMPLETE,ROBOT_03,P-04,pallet,15/07/26 04:07:55,
DROP_REQUEST,operator,P-01,pallet,15/07/26 04:08:00,Slow Chaos
PICKUP_REQUEST,ROBOT_01,P-02,cookie,15/07/26 04:08:04,
PICKUP_REQUEST,operator,P-03,pallet,15/07/26 04:08:05,
PICKUP_REQUEST,ROBOT_01,P-04,pallet,15/07/26 04:08:08,
PICKUP_COMPLETE,ROBOT_01,P-02,,15/07/26 04:08:11,
DROP_REQUEST,operator,P-02,cookie,15/07/26 04:08:11,Slow Queue
DROP_COMPLETE,operator,P-01,pallet,15/07/26 04:08:13,
PICKUP_COMPLETE,ROBOT_01,P-04,,15/07/26 04:08:15,
DROP_COMPLETE,operator,P-02,cookie,15/07/26 04:08:18,
DROP_REQUEST,ROBOT_03,P-04,pallet,15/07/26 04:08:20,Slow Chaos
PICKUP_REQUEST,operator,P-01,pallet,15/07/26 04:08:23,
PICKUP_REQUEST,ROBOT_03,P-06,cookie,15/07/26 04:08:25,
PICKUP_COMPLETE,operator,P-01,,15/07/26 04:08:27,
PICKUP_COMPLETE,operator,P-03,,15/07/26 04:08:29,
PICKUP_REQUEST,operator,P-02,cookie,15/07/26 04:08:32,
PICKUP_COMPLETE,operator,P-02,,15/07/26 04:08:34,
PICKUP_COMPLETE,ROBOT_03,P-06,,15/07/26 04:08:36,
DROP_REQUEST,ROBOT_03,P-06,cookie,15/07/26 04:08:36,Slow Queue
DROP_COMPLETE,ROBOT_03,P-04,pallet,15/07/26 04:08:43,
DROP_REQUEST,ROBOT_01,P-03,pallet,15/07/26 04:08:44,Slow Chaos
DROP_COMPLETE,ROBOT_03,P-06,cookie,15/07/26 04:08:46,
PICKUP_REQUEST,ROBOT_01,P-04,pallet,15/07/26 04:08:50,
PICKUP_COMPLETE,ROBOT_01,P-04,,15/07/26 04:08:52,
DROP_REQUEST,ROBOT_03,P-01,pallet,15/07/26 04:08:55,Slow Chaos
DROP_REQUEST,ROBOT_03,P-02,cookie,15/07/26 04:08:58,Slow Chaos
PICKUP_REQUEST,operator,P-06,cookie,15/07/26 04:09:00,
PICKUP_COMPLETE,operator,P-06,,15/07/26 04:09:03,
DROP_REQUEST,ROBOT_03,P-04,pallet,15/07/26 04:09:04,Slow Chaos
DROP_COMPLETE,ROBOT_03,P-04,pallet,15/07/26 04:09:09,
DROP_COMPLETE,ROBOT_01,P-03,pallet,15/07/26 04:09:12,
PICKUP_REQUEST,ROBOT_03,P-04,pallet,15/07/26 04:09:14,
DROP_COMPLETE,ROBOT_03,P-01,pallet,15/07/26 04:09:18,
DROP_COMPLETE,ROBOT_03,P-02,cookie,15/07/26 04:09:21,
DROP_REQUEST,ROBOT_01,P-06,cookie,15/07/26 04:09:23,Slow Chaos
PICKUP_REQUEST,operator,P-03,pallet,15/07/26 04:09:30,
PICKUP_REQUEST,operator,P-01,pallet,15/07/26 04:09:32,
DROP_COMPLETE,operator,P-05,box,15/07/26 04:09:35,
PICKUP_COMPLETE,operator,P-01,,15/07/26 04:09:37,
DROP_REQUEST,ROBOT_01,P-01,pallet,15/07/26 04:09:37,Slow Queue
DROP_COMPLETE,ROBOT_01,P-06,cookie,15/07/26 04:09:39,
PICKUP_REQUEST,ROBOT_01,P-02,cookie,15/07/26 04:09:42,
PICKUP_REQUEST,ROBOT_03,P-06,cookie,15/07/26 04:09:45,
DROP_COMPLETE,ROBOT_01,P-01,pallet,15/07/26 04:09:47,
PICKUP_COMPLETE,ROBOT_01,P-02,,15/07/26 04:09:50,
DROP_REQUEST,ROBOT_01,P-02,cookie,15/07/26 04:09:55,Slow Chaos
PICKUP_COMPLETE,operator,P-03,,15/07/26 04:09:57,
DROP_REQUEST,ROBOT_03,P-03,pallet,15/07/26 04:09:57,Slow Queue
PICKUP_COMPLETE,ROBOT_03,P-04,,15/07/26 04:09:57,
PICKUP_COMPLETE,ROBOT_03,P-06,,15/07/26 04:09:57,
DROP_REQUEST,ROBOT_03,P-06,cookie,15/07/26 04:09:57,Slow Chaos
DROP_COMPLETE,ROBOT_01,P-02,cookie,15/07/26 04:10:00,
PICKUP_REQUEST,operator,P-01,pallet,15/07/26 04:10:03,
PICKUP_COMPLETE,operator,P-01,,15/07/26 04:10:03,
DROP_REQUEST,ROBOT_01,P-01,pallet,15/07/26 04:10:03,Slow Queue
DROP_COMPLETE,ROBOT_03,P-03,pallet,15/07/26 04:10:04,
PICKUP_REQUEST,ROBOT_01,P-02,cookie,15/07/26 04:10:06,
PICKUP_REQUEST,ROBOT_01,P-03,pallet,15/07/26 04:10:10,
PICKUP_COMPLETE,ROBOT_01,P-03,,15/07/26 04:10:13,
DROP_REQUEST,operator,P-03,pallet,15/07/26 04:10:16,Slow Chaos
PICKUP_REQUEST,ROBOT_03,P-05,box,15/07/26 04:10:20,
PICKUP_COMPLETE,ROBOT_03,P-05,,15/07/26 04:10:20,
DROP_REQUEST,ROBOT_03,P-05,box,15/07/26 04:10:20,Slow Queue
PICKUP_COMPLETE,ROBOT_01,P-02,,15/07/26 04:10:23,
DROP_COMPLETE,operator,P-03,pallet,15/07/26 04:10:26,
PICKUP_REQUEST,operator,P-03,pallet,15/07/26 04:10:30,
DROP_COMPLETE,ROBOT_01,P-01,pallet,15/07/26 04:10:32,
DROP_COMPLETE,ROBOT_03,P-06,cookie,15/07/26 04:10:35,
PICKUP_REQUEST,ROBOT_01,P-01,pallet,15/07/26 04:10:38,
PICKUP_COMPLETE,operator,P-03,,15/07/26 04:10:40,
DROP_REQUEST,ROBOT_03,P-04,pallet,15/07/26 04:10:42,Slow Chaos
PICKUP_COMPLETE,ROBOT_01,P-01,,15/07/26 04:10:44,
DROP_COMPLETE,ROBOT_03,P-04,pallet,15/07/26 04:10:49,
DROP_REQUEST,ROBOT_01,P-02,cookie,15/07/26 04:10:51,Slow Chaos
DROP_REQUEST,ROBOT_01,P-03,pallet,15/07/26 04:10:56,Slow Chaos
DROP_COMPLETE,ROBOT_01,P-03,pallet,15/07/26 04:10:58,
PICKUP_REQUEST,operator,P-04,pallet,15/07/26 04:11:01,
DROP_COMPLETE,ROBOT_01,P-02,cookie,15/07/26 04:11:10,
PICKUP_COMPLETE,operator,P-04,,15/07/26 04:11:13,
DROP_REQUEST,operator,P-01,pallet,15/07/26 04:11:15,Slow Chaos
DROP_COMPLETE,operator,P-01,pallet,15/07/26 04:11:23,
PICKUP_REQUEST,ROBOT_03,P-03,pallet,15/07/26 04:11:25,
PICKUP_REQUEST,ROBOT_01,P-06,cookie,15/07/26 04:11:27,
PICKUP_REQUEST,operator,P-01,pallet,15/07/26 04:11:30,
PICKUP_COMPLETE,operator,P-01,,15/07/26 04:11:33,
PICKUP_COMPLETE,ROBOT_01,P-06,,15/07/26 04:11:35,
DROP_REQUEST,ROBOT_03,P-06,cookie,15/07/26 04:11:35,Slow Queue
PICKUP_REQUEST,ROBOT_01,P-02,cookie,15/07/26 04:11:40,
PICKUP_COMPLETE,ROBOT_03,P-03,,15/07/26 04:11:43,
DROP_COMPLETE,ROBOT_03,P-05,box,15/07/26 04:11:45,
PICKUP_COMPLETE,ROBOT_01,P-02,,15/07/26 04:11:58,
DROP_REQUEST,ROBOT_01,P-02,cookie,15/07/26 04:11:58,Slow Queue
PICKUP_REQUEST,ROBOT_03,P-05,box,15/07/26 04:12:01,
DROP_REQUEST,operator,P-03,pallet,15/07/26 04:12:03,Slow Chaos
DROP_COMPLETE,operator,P-03,pallet,15/07/26 04:12:05,
DROP_REQUEST,operator,P-01,pallet,15/07/26 04:12:07,Slow Chaos
DROP_COMPLETE,operator,P-01,pallet,15/07/26 04:12:10,
PICKUP_REQUEST,ROBOT_03,P-03,pallet,15/07/26 04:12:13,
PICKUP_REQUEST,ROBOT_01,P-01,pallet,15/07/26 04:12:16,
DROP_COMPLETE,ROBOT_01,P-02,cookie,15/07/26 04:12:18,
PICKUP_COMPLETE,ROBOT_03,P-03,,15/07/26 04:12:20,
DROP_COMPLETE,ROBOT_03,P-06,cookie,15/07/26 04:12:23,
PICKUP_REQUEST,ROBOT_01,P-02,cookie,15/07/26 04:12:25,
PICKUP_COMPLETE,ROBOT_03,P-05,,15/07/26 04:12:28,
PICKUP_COMPLETE,ROBOT_01,P-02,,15/07/26 04:12:30,
DROP_REQUEST,operator,P-02,cookie,15/07/26 04:12:30,Slow Queue
DROP_REQUEST,ROBOT_03,P-04,pallet,15/07/26 04:12:32,Slow Chaos
DROP_REQUEST,ROBOT_01,P-03,pallet,15/07/26 04:12:39,Slow Chaos
DROP_COMPLETE,ROBOT_01,P-03,pallet,15/07/26 04:12:41,
PICKUP_REQUEST,ROBOT_01,P-03,pallet,15/07/26 04:12:43,
DROP_REQUEST,operator,P-05,box,15/07/26 04:12:45,Slow Chaos
PICKUP_COMPLETE,ROBOT_01,P-01,,15/07/26 04:12:47,
PICKUP_COMPLETE,ROBOT_01,P-03,,15/07/26 04:12:50,
DROP_REQUEST,ROBOT_01,P-03,pallet,15/07/26 04:12:53,Slow Chaos
DROP_COMPLETE,ROBOT_01,P-03,pallet,15/07/26 04:12:55,
PICKUP_REQUEST,operator,P-06,cookie,15/07/26 04:12:59,
PICKUP_COMPLETE,operator,P-06,,15/07/26 04:13:02,
DROP_REQUEST,ROBOT_01,P-06,cookie,15/07/26 04:13:02,Slow Queue
PICKUP_REQUEST,ROBOT_03,P-03,pallet,15/07/26 04:13:03,
DROP_COMPLETE,ROBOT_01,P-06,cookie,15/07/26 04:13:08,
DROP_COMPLETE,operator,P-02,cookie,15/07/26 04:13:09,
PICKUP_COMPLETE,ROBOT_03,P-03,,15/07/26 04:13:11,
PICKUP_REQUEST,ROBOT_01,P-06,cookie,15/07/26 04:13:13,
DROP_REQUEST,ROBOT_01,P-01,pallet,15/07/26 04:13:16,Slow Chaos
DROP_COMPLETE,ROBOT_03,P-04,pallet,15/07/26 04:13:19,
DROP_REQUEST,operator,P-03,pallet,15/07/26 04:13:21,Slow Chaos
DROP_COMPLETE,operator,P-05,box,15/07/26 04:13:23,
PICKUP_REQUEST,operator,P-04,pallet,15/07/26 04:13:26,
PICKUP_REQUEST,operator,P-05,box,15/07/26 04:13:31,
DROP_COMPLETE,ROBOT_01,P-01,pallet,15/07/26 04:13:33,
PICKUP_COMPLETE,operator,P-04,,15/07/26 04:13:34,
PICKUP_REQUEST,ROBOT_03,P-01,pallet,15/07/26 04:13:37,
DROP_COMPLETE,operator,P-03,pallet,15/07/26 04:13:39,
PICKUP_REQUEST,operator,P-02,cookie,15/07/26 04:13:42,
PICKUP_COMPLETE,ROBOT_01,P-06,,15/07/26 04:13:44,
DROP_REQUEST,operator,P-06,cookie,15/07/26 04:13:44,Slow Queue
DROP_REQUEST,operator,P-04,pallet,15/07/26 04:13:46,Slow Chaos
PICKUP_COMPLETE,ROBOT_03,P-01,,15/07/26 04:13:49,
PICKUP_COMPLETE,operator,P-05,,15/07/26 04:13:51,
DROP_COMPLETE,operator,P-06,cookie,15/07/26 04:13:54,
DROP_COMPLETE,operator,P-04,pallet,15/07/26 04:14:03,
PICKUP_COMPLETE,operator,P-02,,15/07/26 04:14:05,
DROP_REQUEST,operator,P-02,cookie,15/07/26 04:14:05,Slow Queue
DROP_REQUEST,ROBOT_03,P-01,pallet,15/07/26 04:14:08,Slow Chaos
PICKUP_REQUEST,ROBOT_03,P-03,pallet,15/07/26 04:14:10,
PICKUP_COMPLETE,ROBOT_03,P-03,,15/07/26 04:14:15,
DROP_REQUEST,ROBOT_01,P-03,pallet,15/07/26 04:14:15,Slow Queue
DROP_COMPLETE,ROBOT_03,P-01,pallet,15/07/26 04:14:19,
PICKUP_REQUEST,ROBOT_01,P-04,pallet,15/07/26 04:14:20,
DROP_COMPLETE,ROBOT_01,P-03,pallet,15/07/26 04:14:23,
PICKUP_REQUEST,ROBOT_03,P-01,pallet,15/07/26 04:14:26,
DROP_COMPLETE,operator,P-02,cookie,15/07/26 04:14:28,
PICKUP_REQUEST,operator,P-06,cookie,15/07/26 04:14:31,
DROP_REQUEST,ROBOT_01,P-05,box,15/07/26 04:14:36,Slow Chaos
PICKUP_REQUEST,operator,P-02,cookie,15/07/26 04:14:40,
PICKUP_COMPLETE,ROBOT_03,P-01,,15/07/26 04:14:42,
PICKUP_COMPLETE,operator,P-02,,15/07/26 04:14:45,
DROP_REQUEST,operator,P-02,cookie,15/07/26 04:14:45,Slow Queue
DROP_REQUEST,ROBOT_01,P-01,pallet,15/07/26 04:14:48,Slow Chaos
PICKUP_REQUEST,operator,P-03,pallet,15/07/26 04:14:51,
DROP_COMPLETE,ROBOT_01,P-01,pallet,15/07/26 04:14:53,
PICKUP_COMPLETE,operator,P-06,,15/07/26 04:14:56,
PICKUP_COMPLETE,operator,P-03,,16/07/26 02:45:03,
DROP_REQUEST,ROBOT_01,P-03,pallet,16/07/26 02:45:03,Slow Queue
PICKUP_COMPLETE,operator,P-03,,16/07/26 02:45:03,
DROP_REQUEST,ROBOT_01,P-03,pallet,16/07/26 02:45:03,Slow Queue
PICKUP_COMPLETE,ROBOT_01,P-04,,16/07/26 02:45:04,
PICKUP_COMPLETE,ROBOT_01,P-04,,16/07/26 02:45:04,
PICKUP_COMPLETE,operator,P-03,,16/07/26 02:45:04,
DROP_REQUEST,ROBOT_01,P-03,pallet,16/07/26 02:45:04,Slow Queue
PICKUP_COMPLETE,operator,P-03,,16/07/26 02:45:04,
DROP_REQUEST,ROBOT_01,P-03,pallet,16/07/26 02:45:04,Slow Queue
PICKUP_COMPLETE,ROBOT_01,P-04,,16/07/26 02:45:04,
PICKUP_COMPLETE,ROBOT_01,P-04,,16/07/26 02:45:04,
PICKUP_COMPLETE,operator,P-03,,16/07/26 03:10:03,
DROP_REQUEST,ROBOT_01,P-03,pallet,16/07/26 03:10:03,Slow Queue
PICKUP_COMPLETE,operator,P-03,,16/07/26 03:10:03,
DROP_REQUEST,ROBOT_01,P-03,pallet,16/07/26 03:10:03,Slow Queue
PICKUP_COMPLETE,ROBOT_01,P-04,,16/07/26 03:10:03,
PICKUP_COMPLETE,ROBOT_01,P-04,,16/07/26 03:10:03,
PICKUP_COMPLETE,operator,P-03,,16/07/26 03:10:03,
DROP_REQUEST,ROBOT_01,P-03,pallet,16/07/26 03:10:03,Slow Queue
PICKUP_COMPLETE,operator,P-03,,16/07/26 03:10:03,
DROP_REQUEST,ROBOT_01,P-03,pallet,16/07/26 03:10:03,Slow Queue
PICKUP_COMPLETE,ROBOT_01,P-04,,16/07/26 03:10:03,
PICKUP_COMPLETE,ROBOT_01,P-04,,16/07/26 03:10:04,
PICKUP_COMPLETE,operator,P-03,,16/07/26 03:11:12,
DROP_REQUEST,ROBOT_01,P-03,pallet,16/07/26 03:11:12,Slow Queue
PICKUP_COMPLETE,operator,P-03,,16/07/26 03:11:12,
DROP_REQUEST,ROBOT_01,P-03,pallet,16/07/26 03:11:12,Slow Queue
PICKUP_COMPLETE,ROBOT_01,P-04,,16/07/26 03:11:12,
PICKUP_COMPLETE,ROBOT_01,P-04,,16/07/26 03:11:12,
PICKUP_COMPLETE,operator,P-03,,16/07/26 03:11:13,
DROP_REQUEST,ROBOT_01,P-03,pallet,16/07/26 03:11:13,Slow Queue
PICKUP_COMPLETE,operator,P-03,,16/07/26 03:11:13,
DROP_REQUEST,ROBOT_01,P-03,pallet,16/07/26 03:11:13,Slow Queue
PICKUP_COMPLETE,ROBOT_01,P-04,,16/07/26 03:11:13,
PICKUP_COMPLETE,ROBOT_01,P-04,,16/07/26 03:11:13,
PICKUP_COMPLETE,operator,P-03,,16/07/26 03:18:47,
DROP_REQUEST,ROBOT_01,P-03,pallet,16/07/26 03:18:47,Slow Queue
PICKUP_COMPLETE,ROBOT_01,P-04,,16/07/26 03:18:47,
DROP_REQUEST,ROBOT_01,P-09,wood,05/08/26 01:46:01,nanana
DROP_COMPLETE,ROBOT_01,P-09,wood,05/08/26 01:46:12,nanana
DROP_REQUEST,ROBOT_01,P-01,cookie,05/08/26 01:46:25,
DROP_REQUEST,ROBOT_01,P-02,box,05/08/26 01:46:31,
DROP_COMPLETE,ROBOT_01,P-01,cookie,05/08/26 01:46:51,
DROP_COMPLETE,ROBOT_01,P-02,box,05/08/26 01:46:52,
PICKUP_REQUEST,ROBOT_01,P-01,cookie,05/08/26 01:47:03,
PICKUP_COMPLETE,ROBOT_01,P-01,cookie,05/08/26 01:47:05,
DROP_REQUEST,ROBOT_01,P-01,rope,05/08/26 01:47:15,uuuuu
DROP_COMPLETE,ROBOT_01,P-01,rope,05/08/26 01:47:17,uuuuu
PICKUP_REQUEST,ROBOT_01,P-01,rope,05/08/26 01:47:21,
PICKUP_COMPLETE,ROBOT_01,P-01,rope,05/08/26 01:47:25,
